info: Microsoft.EntityFrameworkCore.Database.Command[20101]
      Executed DbCommand (10ms) [Parameters=[], CommandType='Text', CommandTimeout='30']
      SELECT COUNT(*) FROM "sqlite_master" WHERE "type" = 'table' AND "rootpage" IS NOT NULL;
info: Microsoft.EntityFrameworkCore.Database.Command[20101]
      Executed DbCommand (1ms) [Parameters=[], CommandType='Text', CommandTimeout='30']
      SELECT EXISTS (
          SELECT 1
          FROM "Categories" AS "c")
info: Microsoft.Hosting.Lifetime[14]
      Now listening on: http://localhost:5106
info: Microsoft.Hosting.Lifetime[0]
      Application started. Press Ctrl+C to shut down.
info: Microsoft.Hosting.Lifetime[0]
      Hosting environment: Development
info: Microsoft.Hosting.Lifetime[0]
      Content root path: C:\Users\Fenita\api_stock\src\MiApp.WebApi
warn: Microsoft.AspNetCore.HttpsPolicy.HttpsRedirectionMiddleware[3]
      Failed to determine the https port for redirect.
info: Microsoft.EntityFrameworkCore.Database.Command[20101]
      Executed DbCommand (5ms) [Parameters=[@__id_0='?' (DbType = Int32)], CommandType='Text', CommandTimeout='30']
      SELECT "p"."Id", "p"."CategoryId", "p"."Description", "p"."Name", "p"."Price", "p"."Stock", "c"."Id", "c"."Name"
      FROM "Products" AS "p"
      INNER JOIN "Categories" AS "c" ON "p"."CategoryId" = "c"."Id"
      WHERE "p"."Id" = @__id_0
      LIMIT 1
info: Microsoft.EntityFrameworkCore.Database.Command[20101]
      Executed DbCommand (0ms) [Parameters=[@__id_0='?' (DbType = Int32)], CommandType='Text', CommandTimeout='30']
      SELECT "p"."Id", "p"."CategoryId", "p"."Description", "p"."Name", "p"."Price", "p"."Stock", "c"."Id", "c"."Name"
      FROM "Products" AS "p"
      INNER JOIN "Categories" AS "c" ON "p"."CategoryId" = "c"."Id"
      WHERE "p"."Id" = @__id_0
      LIMIT 1
info: Microsoft.EntityFrameworkCore.Database.Command[20101]
      Executed DbCommand (0ms) [Parameters=[], CommandType='Text', CommandTimeout='30']
      SELECT "p"."Id", "p"."CategoryId", "p"."Description", "p"."Name", "p"."Price", "p"."Stock", "c"."Id", "c"."Name"
      FROM "Products" AS "p"
      INNER JOIN "Categories" AS "c" ON "p"."CategoryId" = "c"."Id"
      ORDER BY "p"."Id"
info: Microsoft.EntityFrameworkCore.Database.Command[20101]
      Executed DbCommand (6ms) [Parameters=[], CommandType='Text', CommandTimeout='30']
      SELECT "p"."Id", "p"."CategoryId", "p"."Description", "p"."Name", "p"."Price", "p"."Stock", "c"."Id", "c"."Name"
      FROM "Products" AS "p"
      INNER JOIN "Categories" AS "c" ON "p"."CategoryId" = "c"."Id"
      ORDER BY "p"."Id"
info: Microsoft.EntityFrameworkCore.Database.Command[20101]
      Executed DbCommand (0ms) [Parameters=[], CommandType='Text', CommandTimeout='30']
      SELECT "p"."Id", "p"."CategoryId", "p"."Description", "p"."Name", "p"."Price", "p"."Stock", "c"."Id", "c"."Name"
      FROM "Products" AS "p"
      INNER JOIN "Categories" AS "c" ON "p"."CategoryId" = "c"."Id"
      ORDER BY "p"."Id"
info: Microsoft.EntityFrameworkCore.Database.Command[20101]
      Executed DbCommand (0ms) [Parameters=[@__id_0='?' (DbType = Int32)], CommandType='Text', CommandTimeout='30']
      SELECT "p"."Id", "p"."CategoryId", "p"."Description", "p"."Name", "p"."Price", "p"."Stock", "c"."Id", "c"."Name"
      FROM "Products" AS "p"
      INNER JOIN "Categories" AS "c" ON "p"."CategoryId" = "c"."Id"
      WHERE "p"."Id" = @__id_0
      LIMIT 1
info: Microsoft.EntityFrameworkCore.Database.Command[20101]
      Executed DbCommand (0ms) [Parameters=[@p0='?' (DbType = Int32)], CommandType='Text', CommandTimeout='30']
      DELETE FROM "Products"
      WHERE "Id" = @p0
      RETURNING 1;
info: Microsoft.EntityFrameworkCore.Database.Command[20101]
      Executed DbCommand (0ms) [Parameters=[@__id_0='?' (DbType = Int32)], CommandType='Text', CommandTimeout='30']
      SELECT "p"."Id", "p"."CategoryId", "p"."Description", "p"."Name", "p"."Price", "p"."Stock", "c"."Id", "c"."Name"
      FROM "Products" AS "p"
      INNER JOIN "Categories" AS "c" ON "p"."CategoryId" = "c"."Id"
      WHERE "p"."Id" = @__id_0
      LIMIT 1
info: Microsoft.EntityFrameworkCore.Database.Command[20101]
      Executed DbCommand (0ms) [Parameters=[@__id_0='?' (DbType = Int32)], CommandType='Text', CommandTimeout='30']
      SELECT "p"."Id", "p"."CategoryId", "p"."Description", "p"."Name", "p"."Price", "p"."Stock", "c"."Id", "c"."Name"
      FROM "Products" AS "p"
      INNER JOIN "Categories" AS "c" ON "p"."CategoryId" = "c"."Id"
      WHERE "p"."Id" = @__id_0
      LIMIT 1
info: Microsoft.EntityFrameworkCore.Database.Command[20101]
      Executed DbCommand (0ms) [Parameters=[@__id_0='?' (DbType = Int32)], CommandType='Text', CommandTimeout='30']
      SELECT "p"."Id", "p"."CategoryId", "p"."Description", "p"."Name", "p"."Price", "p"."Stock", "c"."Id", "c"."Name"
      FROM "Products" AS "p"
      INNER JOIN "Categories" AS "c" ON "p"."CategoryId" = "c"."Id"
      WHERE "p"."Id" = @__id_0
      LIMIT 1
info: Microsoft.EntityFrameworkCore.Database.Command[20101]
      Executed DbCommand (0ms) [Parameters=[@__id_0='?' (DbType = Int32)], CommandType='Text', CommandTimeout='30']
      SELECT "p"."Id", "p"."CategoryId", "p"."Description", "p"."Name", "p"."Price", "p"."Stock", "c"."Id", "c"."Name"
      FROM "Products" AS "p"
      INNER JOIN "Categories" AS "c" ON "p"."CategoryId" = "c"."Id"
      WHERE "p"."Id" = @__id_0
      LIMIT 1
info: Microsoft.EntityFrameworkCore.Database.Command[20101]
      Executed DbCommand (0ms) [Parameters=[@__id_0='?' (DbType = Int32)], CommandType='Text', CommandTimeout='30']
      SELECT "p"."Id", "p"."CategoryId", "p"."Description", "p"."Name", "p"."Price", "p"."Stock", "c"."Id", "c"."Name"
      FROM "Products" AS "p"
      INNER JOIN "Categories" AS "c" ON "p"."CategoryId" = "c"."Id"
      WHERE "p"."Id" = @__id_0
      LIMIT 1
info: Microsoft.EntityFrameworkCore.Database.Command[20101]
      Executed DbCommand (0ms) [Parameters=[@__id_0='?' (DbType = Int32)], CommandType='Text', CommandTimeout='30']
      SELECT "p"."Id", "p"."CategoryId", "p"."Description", "p"."Name", "p"."Price", "p"."Stock", "c"."Id", "c"."Name"
      FROM "Products" AS "p"
      INNER JOIN "Categories" AS "c" ON "p"."CategoryId" = "c"."Id"
      WHERE "p"."Id" = @__id_0
      LIMIT 1
info: Microsoft.EntityFrameworkCore.Database.Command[20101]
      Executed DbCommand (0ms) [Parameters=[@__id_0='?' (DbType = Int32)], CommandType='Text', CommandTimeout='30']
      SELECT "p"."Id", "p"."CategoryId", "p"."Description", "p"."Name", "p"."Price", "p"."Stock", "c"."Id", "c"."Name"
      FROM "Products" AS "p"
      INNER JOIN "Categories" AS "c" ON "p"."CategoryId" = "c"."Id"
      WHERE "p"."Id" = @__id_0
      LIMIT 1
info: Microsoft.EntityFrameworkCore.Database.Command[20101]
      Executed DbCommand (0ms) [Parameters=[@__id_0='?' (DbType = Int32)], CommandType='Text', CommandTimeout='30']
      SELECT "p"."Id", "p"."CategoryId", "p"."Description", "p"."Name", "p"."Price", "p"."Stock", "c"."Id", "c"."Name"
      FROM "Products" AS "p"
      INNER JOIN "Categories" AS "c" ON "p"."CategoryId" = "c"."Id"
      WHERE "p"."Id" = @__id_0
      LIMIT 1
info: Microsoft.EntityFrameworkCore.Database.Command[20101]
      Executed DbCommand (0ms) [Parameters=[@__id_0='?' (DbType = Int32)], CommandType='Text', CommandTimeout='30']
      SELECT "p"."Id", "p"."CategoryId", "p"."Description", "p"."Name", "p"."Price", "p"."Stock", "c"."Id", "c"."Name"
      FROM "Products" AS "p"
      INNER JOIN "Categories" AS "c" ON "p"."CategoryId" = "c"."Id"
      WHERE "p"."Id" = @__id_0
      LIMIT 1
info: Microsoft.EntityFrameworkCore.Database.Command[20101]
      Executed DbCommand (0ms) [Parameters=[@__id_0='?' (DbType = Int32)], CommandType='Text', CommandTimeout='30']
      SELECT "p"."Id", "p"."CategoryId", "p"."Description", "p"."Name", "p"."Price", "p"."Stock", "c"."Id", "c"."Name"
      FROM "Products" AS "p"
      INNER JOIN "Categories" AS "c" ON "p"."CategoryId" = "c"."Id"
      WHERE "p"."Id" = @__id_0
      LIMIT 1
info: Microsoft.EntityFrameworkCore.Database.Command[20101]
      Executed DbCommand (0ms) [Parameters=[@__id_0='?' (DbType = Int32)], CommandType='Text', CommandTimeout='30']
      SELECT "p"."Id", "p"."CategoryId", "p"."Description", "p"."Name", "p"."Price", "p"."Stock", "c"."Id", "c"."Name"
      FROM "Products" AS "p"
      INNER JOIN "Categories" AS "c" ON "p"."CategoryId" = "c"."Id"
      WHERE "p"."Id" = @__id_0
      LIMIT 1
info: Microsoft.EntityFrameworkCore.Database.Command[20101]
      Executed DbCommand (0ms) [Parameters=[@__id_0='?' (DbType = Int32)], CommandType='Text', CommandTimeout='30']
      SELECT "p"."Id", "p"."CategoryId", "p"."Description", "p"."Name", "p"."Price", "p"."Stock", "c"."Id", "c"."Name"
      FROM "Products" AS "p"
      INNER JOIN "Categories" AS "c" ON "p"."CategoryId" = "c"."Id"
      WHERE "p"."Id" = @__id_0
      LIMIT 1
info: Microsoft.EntityFrameworkCore.Database.Command[20101]
      Executed DbCommand (0ms) [Parameters=[@__id_0='?' (DbType = Int32)], CommandType='Text', CommandTimeout='30']
      SELECT "p"."Id", "p"."CategoryId", "p"."Description", "p"."Name", "p"."Price", "p"."Stock", "c"."Id", "c"."Name"
      FROM "Products" AS "p"
      INNER JOIN "Categories" AS "c" ON "p"."CategoryId" = "c"."Id"
      WHERE "p"."Id" = @__id_0
      LIMIT 1
info: Microsoft.EntityFrameworkCore.Database.Command[20101]
      Executed DbCommand (0ms) [Parameters=[@__id_0='?' (DbType = Int32)], CommandType='Text', CommandTimeout='30']
      SELECT "p"."Id", "p"."CategoryId", "p"."Description", "p"."Name", "p"."Price", "p"."Stock", "c"."Id", "c"."Name"
      FROM "Products" AS "p"
      INNER JOIN "Categories" AS "c" ON "p"."CategoryId" = "c"."Id"
      WHERE "p"."Id" = @__id_0
      LIMIT 1
info: Microsoft.EntityFrameworkCore.Database.Command[20101]
      Executed DbCommand (0ms) [Parameters=[@__id_0='?' (DbType = Int32)], CommandType='Text', CommandTimeout='30']
      SELECT "p"."Id", "p"."CategoryId", "p"."Description", "p"."Name", "p"."Price", "p"."Stock", "c"."Id", "c"."Name"
      FROM "Products" AS "p"
      INNER JOIN "Categories" AS "c" ON "p"."CategoryId" = "c"."Id"
      WHERE "p"."Id" = @__id_0
      LIMIT 1
info: Microsoft.EntityFrameworkCore.Database.Command[20101]
      Executed DbCommand (0ms) [Parameters=[@p0='?' (DbType = Int32)], CommandType='Text', CommandTimeout='30']
      DELETE FROM "Products"
      WHERE "Id" = @p0
      RETURNING 1;
info: Microsoft.EntityFrameworkCore.Database.Command[20101]
      Executed DbCommand (0ms) [Parameters=[@__id_0='?' (DbType = Int32)], CommandType='Text', CommandTimeout='30']
      SELECT "p"."Id", "p"."CategoryId", "p"."Description", "p"."Name", "p"."Price", "p"."Stock", "c"."Id", "c"."Name"
      FROM "Products" AS "p"
      INNER JOIN "Categories" AS "c" ON "p"."CategoryId" = "c"."Id"
      WHERE "p"."Id" = @__id_0
      LIMIT 1
info: Microsoft.EntityFrameworkCore.Database.Command[20101]
      Executed DbCommand (0ms) [Parameters=[@__id_0='?' (DbType = Int32)], CommandType='Text', CommandTimeout='30']
      SELECT "p"."Id", "p"."CategoryId", "p"."Description", "p"."Name", "p"."Price", "p"."Stock", "c"."Id", "c"."Name"
      FROM "Products" AS "p"
      INNER JOIN "Categories" AS "c" ON "p"."CategoryId" = "c"."Id"
      WHERE "p"."Id" = @__id_0
      LIMIT 1
info: Microsoft.EntityFrameworkCore.Database.Command[20101]
      Executed DbCommand (0ms) [Parameters=[@__id_0='?' (DbType = Int32)], CommandType='Text', CommandTimeout='30']
      SELECT "p"."Id", "p"."CategoryId", "p"."Description", "p"."Name", "p"."Price", "p"."Stock", "c"."Id", "c"."Name"
      FROM "Products" AS "p"
      INNER JOIN "Categories" AS "c" ON "p"."CategoryId" = "c"."Id"
      WHERE "p"."Id" = @__id_0
      LIMIT 1
info: Microsoft.EntityFrameworkCore.Database.Command[20101]
      Executed DbCommand (0ms) [Parameters=[@__id_0='?' (DbType = Int32)], CommandType='Text', CommandTimeout='30']
      SELECT "p"."Id", "p"."CategoryId", "p"."Description", "p"."Name", "p"."Price", "p"."Stock", "c"."Id", "c"."Name"
      FROM "Products" AS "p"
      INNER JOIN "Categories" AS "c" ON "p"."CategoryId" = "c"."Id"
      WHERE "p"."Id" = @__id_0
      LIMIT 1
info: Microsoft.EntityFrameworkCore.Database.Command[20101]
      Executed DbCommand (0ms) [Parameters=[@__id_0='?' (DbType = Int32)], CommandType='Text', CommandTimeout='30']
      SELECT "p"."Id", "p"."CategoryId", "p"."Description", "p"."Name", "p"."Price", "p"."Stock", "c"."Id", "c"."Name"
      FROM "Products" AS "p"
      INNER JOIN "Categories" AS "c" ON "p"."CategoryId" = "c"."Id"
      WHERE "p"."Id" = @__id_0
      LIMIT 1
info: Microsoft.EntityFrameworkCore.Database.Command[20101]
      Executed DbCommand (0ms) [Parameters=[@__id_0='?' (DbType = Int32)], CommandType='Text', CommandTimeout='30']
      SELECT "p"."Id", "p"."CategoryId", "p"."Description", "p"."Name", "p"."Price", "p"."Stock", "c"."Id", "c"."Name"
      FROM "Products" AS "p"
      INNER JOIN "Categories" AS "c" ON "p"."CategoryId" = "c"."Id"
      WHERE "p"."Id" = @__id_0
      LIMIT 1
info: Microsoft.EntityFrameworkCore.Database.Command[20101]
      Executed DbCommand (0ms) [Parameters=[], CommandType='Text', CommandTimeout='30']
      SELECT "p"."Id", "p"."CategoryId", "p"."Description", "p"."Name", "p"."Price", "p"."Stock", "c"."Id", "c"."Name"
      FROM "Products" AS "p"
      INNER JOIN "Categories" AS "c" ON "p"."CategoryId" = "c"."Id"
      ORDER BY "p"."Id"
info: Microsoft.EntityFrameworkCore.Database.Command[20101]
      Executed DbCommand (0ms) [Parameters=[@__categoryId_0='?' (DbType = Int32)], CommandType='Text', CommandTimeout='30']
      SELECT EXISTS (
          SELECT 1
          FROM "Categories" AS "c"
          WHERE "c"."Id" = @__categoryId_0)
info: Microsoft.EntityFrameworkCore.Database.Command[20101]
      Executed DbCommand (1ms) [Parameters=[@p0='?' (DbType = Int32), @p1='?' (Size = 16), @p2='?' (Size = 15), @p3='?' (DbType = Decimal), @p4='?' (DbType = Int32)], CommandType='Text', CommandTimeout='30']
      INSERT INTO "Products" ("CategoryId", "Description", "Name", "Price", "Stock")
      VALUES (@p0, @p1, @p2, @p3, @p4)
      RETURNING "Id";
info: Microsoft.EntityFrameworkCore.Database.Command[20101]
      Executed DbCommand (0ms) [Parameters=[@__id_0='?' (DbType = Int32)], CommandType='Text', CommandTimeout='30']
      SELECT "p"."Id", "p"."CategoryId", "p"."Description", "p"."Name", "p"."Price", "p"."Stock", "c"."Id", "c"."Name"
      FROM "Products" AS "p"
      INNER JOIN "Categories" AS "c" ON "p"."CategoryId" = "c"."Id"
      WHERE "p"."Id" = @__id_0
      LIMIT 1
info: Microsoft.EntityFrameworkCore.Database.Command[20101]
      Executed DbCommand (0ms) [Parameters=[@__categoryId_0='?' (DbType = Int32)], CommandType='Text', CommandTimeout='30']
      SELECT EXISTS (
          SELECT 1
          FROM "Categories" AS "c"
          WHERE "c"."Id" = @__categoryId_0)
info: Microsoft.EntityFrameworkCore.Database.Command[20101]
      Executed DbCommand (1ms) [Parameters=[@p0='?' (DbType = Int32), @p1='?' (Size = 16), @p2='?' (Size = 15), @p3='?' (DbType = Decimal), @p4='?' (DbType = Int32)], CommandType='Text', CommandTimeout='30']
      INSERT INTO "Products" ("CategoryId", "Description", "Name", "Price", "Stock")
      VALUES (@p0, @p1, @p2, @p3, @p4)
      RETURNING "Id";
info: Microsoft.EntityFrameworkCore.Database.Command[20101]
      Executed DbCommand (0ms) [Parameters=[@__id_0='?' (DbType = Int32)], CommandType='Text', CommandTimeout='30']
      SELECT "p"."Id", "p"."CategoryId", "p"."Description", "p"."Name", "p"."Price", "p"."Stock", "c"."Id", "c"."Name"
      FROM "Products" AS "p"
      INNER JOIN "Categories" AS "c" ON "p"."CategoryId" = "c"."Id"
      WHERE "p"."Id" = @__id_0
      LIMIT 1
info: Microsoft.EntityFrameworkCore.Database.Command[20101]
      Executed DbCommand (0ms) [Parameters=[@__categoryId_0='?' (DbType = Int32)], CommandType='Text', CommandTimeout='30']
      SELECT EXISTS (
          SELECT 1
          FROM "Categories" AS "c"
          WHERE "c"."Id" = @__categoryId_0)
info: Microsoft.EntityFrameworkCore.Database.Command[20101]
      Executed DbCommand (0ms) [Parameters=[@p0='?' (DbType = Int32), @p1='?' (Size = 16), @p2='?' (Size = 15), @p3='?' (DbType = Decimal), @p4='?' (DbType = Int32)], CommandType='Text', CommandTimeout='30']
      INSERT INTO "Products" ("CategoryId", "Description", "Name", "Price", "Stock")
      VALUES (@p0, @p1, @p2, @p3, @p4)
      RETURNING "Id";
info: Microsoft.EntityFrameworkCore.Database.Command[20101]
      Executed DbCommand (0ms) [Parameters=[@__id_0='?' (DbType = Int32)], CommandType='Text', CommandTimeout='30']
      SELECT "p"."Id", "p"."CategoryId", "p"."Description", "p"."Name", "p"."Price", "p"."Stock", "c"."Id", "c"."Name"
      FROM "Products" AS "p"
      INNER JOIN "Categories" AS "c" ON "p"."CategoryId" = "c"."Id"
      WHERE "p"."Id" = @__id_0
      LIMIT 1
info: Microsoft.EntityFrameworkCore.Database.Command[20101]
      Executed DbCommand (0ms) [Parameters=[@__categoryId_0='?' (DbType = Int32)], CommandType='Text', CommandTimeout='30']
      SELECT EXISTS (
          SELECT 1
          FROM "Categories" AS "c"
          WHERE "c"."Id" = @__categoryId_0)
info: Microsoft.EntityFrameworkCore.Database.Command[20101]
      Executed DbCommand (0ms) [Parameters=[@p0='?' (DbType = Int32), @p1='?' (Size = 16), @p2='?' (Size = 15), @p3='?' (DbType = Decimal), @p4='?' (DbType = Int32)], CommandType='Text', CommandTimeout='30']
      INSERT INTO "Products" ("CategoryId", "Description", "Name", "Price", "Stock")
      VALUES (@p0, @p1, @p2, @p3, @p4)
      RETURNING "Id";
info: Microsoft.EntityFrameworkCore.Database.Command[20101]
      Executed DbCommand (0ms) [Parameters=[@__id_0='?' (DbType = Int32)], CommandType='Text', CommandTimeout='30']
      SELECT "p"."Id", "p"."CategoryId", "p"."Description", "p"."Name", "p"."Price", "p"."Stock", "c"."Id", "c"."Name"
      FROM "Products" AS "p"
      INNER JOIN "Categories" AS "c" ON "p"."CategoryId" = "c"."Id"
      WHERE "p"."Id" = @__id_0
      LIMIT 1
info: Microsoft.EntityFrameworkCore.Database.Command[20101]
      Executed DbCommand (0ms) [Parameters=[@__categoryId_0='?' (DbType = Int32)], CommandType='Text', CommandTimeout='30']
      SELECT EXISTS (
          SELECT 1
          FROM "Categories" AS "c"
          WHERE "c"."Id" = @__categoryId_0)
info: Microsoft.EntityFrameworkCore.Database.Command[20101]
      Executed DbCommand (0ms) [Parameters=[@p0='?' (DbType = Int32), @p1='?' (Size = 16), @p2='?' (Size = 15), @p3='?' (DbType = Decimal), @p4='?' (DbType = Int32)], CommandType='Text', CommandTimeout='30']
      INSERT INTO "Products" ("CategoryId", "Description", "Name", "Price", "Stock")
      VALUES (@p0, @p1, @p2, @p3, @p4)
      RETURNING "Id";
info: Microsoft.EntityFrameworkCore.Database.Command[20101]
      Executed DbCommand (0ms) [Parameters=[@__id_0='?' (DbType = Int32)], CommandType='Text', CommandTimeout='30']
      SELECT "p"."Id", "p"."CategoryId", "p"."Description", "p"."Name", "p"."Price", "p"."Stock", "c"."Id", "c"."Name"
      FROM "Products" AS "p"
      INNER JOIN "Categories" AS "c" ON "p"."CategoryId" = "c"."Id"
      WHERE "p"."Id" = @__id_0
      LIMIT 1
info: Microsoft.EntityFrameworkCore.Database.Command[20101]
      Executed DbCommand (0ms) [Parameters=[@__categoryId_0='?' (DbType = Int32)], CommandType='Text', CommandTimeout='30']
      SELECT EXISTS (
          SELECT 1
          FROM "Categories" AS "c"
          WHERE "c"."Id" = @__categoryId_0)
info: Microsoft.EntityFrameworkCore.Database.Command[20101]
      Executed DbCommand (0ms) [Parameters=[@p0='?' (DbType = Int32), @p1='?' (Size = 16), @p2='?' (Size = 15), @p3='?' (DbType = Decimal), @p4='?' (DbType = Int32)], CommandType='Text', CommandTimeout='30']
      INSERT INTO "Products" ("CategoryId", "Description", "Name", "Price", "Stock")
      VALUES (@p0, @p1, @p2, @p3, @p4)
      RETURNING "Id";
info: Microsoft.EntityFrameworkCore.Database.Command[20101]
      Executed DbCommand (0ms) [Parameters=[@__id_0='?' (DbType = Int32)], CommandType='Text', CommandTimeout='30']
      SELECT "p"."Id", "p"."CategoryId", "p"."Description", "p"."Name", "p"."Price", "p"."Stock", "c"."Id", "c"."Name"
      FROM "Products" AS "p"
      INNER JOIN "Categories" AS "c" ON "p"."CategoryId" = "c"."Id"
      WHERE "p"."Id" = @__id_0
      LIMIT 1
info: Microsoft.EntityFrameworkCore.Database.Command[20101]
      Executed DbCommand (0ms) [Parameters=[@__categoryId_0='?' (DbType = Int32)], CommandType='Text', CommandTimeout='30']
      SELECT EXISTS (
          SELECT 1
          FROM "Categories" AS "c"
          WHERE "c"."Id" = @__categoryId_0)
info: Microsoft.EntityFrameworkCore.Database.Command[20101]
      Executed DbCommand (0ms) [Parameters=[@p0='?' (DbType = Int32), @p1='?' (Size = 16), @p2='?' (Size = 15), @p3='?' (DbType = Decimal), @p4='?' (DbType = Int32)], CommandType='Text', CommandTimeout='30']
      INSERT INTO "Products" ("CategoryId", "Description", "Name", "Price", "Stock")
      VALUES (@p0, @p1, @p2, @p3, @p4)
      RETURNING "Id";
info: Microsoft.EntityFrameworkCore.Database.Command[20101]
      Executed DbCommand (0ms) [Parameters=[@__id_0='?' (DbType = Int32)], CommandType='Text', CommandTimeout='30']
      SELECT "p"."Id", "p"."CategoryId", "p"."Description", "p"."Name", "p"."Price", "p"."Stock", "c"."Id", "c"."Name"
      FROM "Products" AS "p"
      INNER JOIN "Categories" AS "c" ON "p"."CategoryId" = "c"."Id"
      WHERE "p"."Id" = @__id_0
      LIMIT 1
info: Microsoft.EntityFrameworkCore.Database.Command[20101]
      Executed DbCommand (0ms) [Parameters=[@__categoryId_0='?' (DbType = Int32)], CommandType='Text', CommandTimeout='30']
      SELECT EXISTS (
          SELECT 1
          FROM "Categories" AS "c"
          WHERE "c"."Id" = @__categoryId_0)
info: Microsoft.EntityFrameworkCore.Database.Command[20101]
      Executed DbCommand (0ms) [Parameters=[@p0='?' (DbType = Int32), @p1='?' (Size = 16), @p2='?' (Size = 15), @p3='?' (DbType = Decimal), @p4='?' (DbType = Int32)], CommandType='Text', CommandTimeout='30']
      INSERT INTO "Products" ("CategoryId", "Description", "Name", "Price", "Stock")
      VALUES (@p0, @p1, @p2, @p3, @p4)
      RETURNING "Id";
info: Microsoft.EntityFrameworkCore.Database.Command[20101]
      Executed DbCommand (0ms) [Parameters=[@__id_0='?' (DbType = Int32)], CommandType='Text', CommandTimeout='30']
      SELECT "p"."Id", "p"."CategoryId", "p"."Description", "p"."Name", "p"."Price", "p"."Stock", "c"."Id", "c"."Name"
      FROM "Products" AS "p"
      INNER JOIN "Categories" AS "c" ON "p"."CategoryId" = "c"."Id"
      WHERE "p"."Id" = @__id_0
      LIMIT 1
info: Microsoft.EntityFrameworkCore.Database.Command[20101]
      Executed DbCommand (0ms) [Parameters=[@__categoryId_0='?' (DbType = Int32)], CommandType='Text', CommandTimeout='30']
      SELECT EXISTS (
          SELECT 1
          FROM "Categories" AS "c"
          WHERE "c"."Id" = @__categoryId_0)
info: Microsoft.EntityFrameworkCore.Database.Command[20101]
      Executed DbCommand (0ms) [Parameters=[@p0='?' (DbType = Int32), @p1='?' (Size = 16), @p2='?' (Size = 15), @p3='?' (DbType = Decimal), @p4='?' (DbType = Int32)], CommandType='Text', CommandTimeout='30']
      INSERT INTO "Products" ("CategoryId", "Description", "Name", "Price", "Stock")
      VALUES (@p0, @p1, @p2, @p3, @p4)
      RETURNING "Id";
info: Microsoft.EntityFrameworkCore.Database.Command[20101]
      Executed DbCommand (0ms) [Parameters=[@__id_0='?' (DbType = Int32)], CommandType='Text', CommandTimeout='30']
      SELECT "p"."Id", "p"."CategoryId", "p"."Description", "p"."Name", "p"."Price", "p"."Stock", "c"."Id", "c"."Name"
      FROM "Products" AS "p"
      INNER JOIN "Categories" AS "c" ON "p"."CategoryId" = "c"."Id"
      WHERE "p"."Id" = @__id_0
      LIMIT 1
info: Microsoft.EntityFrameworkCore.Database.Command[20101]
      Executed DbCommand (0ms) [Parameters=[@__categoryId_0='?' (DbType = Int32)], CommandType='Text', CommandTimeout='30']
      SELECT EXISTS (
          SELECT 1
          FROM "Categories" AS "c"
          WHERE "c"."Id" = @__categoryId_0)
info: Microsoft.EntityFrameworkCore.Database.Command[20101]
      Executed DbCommand (0ms) [Parameters=[@p0='?' (DbType = Int32), @p1='?' (Size = 16), @p2='?' (Size = 15), @p3='?' (DbType = Decimal), @p4='?' (DbType = Int32)], CommandType='Text', CommandTimeout='30']
      INSERT INTO "Products" ("CategoryId", "Description", "Name", "Price", "Stock")
      VALUES (@p0, @p1, @p2, @p3, @p4)
      RETURNING "Id";
info: Microsoft.EntityFrameworkCore.Database.Command[20101]
      Executed DbCommand (0ms) [Parameters=[@__id_0='?' (DbType = Int32)], CommandType='Text', CommandTimeout='30']
      SELECT "p"."Id", "p"."CategoryId", "p"."Description", "p"."Name", "p"."Price", "p"."Stock", "c"."Id", "c"."Name"
      FROM "Products" AS "p"
      INNER JOIN "Categories" AS "c" ON "p"."CategoryId" = "c"."Id"
      WHERE "p"."Id" = @__id_0
      LIMIT 1
info: Microsoft.EntityFrameworkCore.Database.Command[20101]
      Executed DbCommand (0ms) [Parameters=[@__categoryId_0='?' (DbType = Int32)], CommandType='Text', CommandTimeout='30']
      SELECT EXISTS (
          SELECT 1
          FROM "Categories" AS "c"
          WHERE "c"."Id" = @__categoryId_0)
info: Microsoft.EntityFrameworkCore.Database.Command[20101]
      Executed DbCommand (1ms) [Parameters=[@p0='?' (DbType = Int32), @p1='?' (Size = 16), @p2='?' (Size = 15), @p3='?' (DbType = Decimal), @p4='?' (DbType = Int32)], CommandType='Text', CommandTimeout='30']
      INSERT INTO "Products" ("CategoryId", "Description", "Name", "Price", "Stock")
      VALUES (@p0, @p1, @p2, @p3, @p4)
      RETURNING "Id";
info: Microsoft.EntityFrameworkCore.Database.Command[20101]
      Executed DbCommand (0ms) [Parameters=[@__id_0='?' (DbType = Int32)], CommandType='Text', CommandTimeout='30']
      SELECT "p"."Id", "p"."CategoryId", "p"."Description", "p"."Name", "p"."Price", "p"."Stock", "c"."Id", "c"."Name"
      FROM "Products" AS "p"
      INNER JOIN "Categories" AS "c" ON "p"."CategoryId" = "c"."Id"
      WHERE "p"."Id" = @__id_0
      LIMIT 1
info: Microsoft.EntityFrameworkCore.Database.Command[20101]
      Executed DbCommand (0ms) [Parameters=[@__categoryId_0='?' (DbType = Int32)], CommandType='Text', CommandTimeout='30']
      SELECT EXISTS (
          SELECT 1
          FROM "Categories" AS "c"
          WHERE "c"."Id" = @__categoryId_0)
info: Microsoft.EntityFrameworkCore.Database.Command[20101]
      Executed DbCommand (0ms) [Parameters=[@p0='?' (DbType = Int32), @p1='?' (Size = 16), @p2='?' (Size = 15), @p3='?' (DbType = Decimal), @p4='?' (DbType = Int32)], CommandType='Text', CommandTimeout='30']
      INSERT INTO "Products" ("CategoryId", "Description", "Name", "Price", "Stock")
      VALUES (@p0, @p1, @p2, @p3, @p4)
      RETURNING "Id";
info: Microsoft.EntityFrameworkCore.Database.Command[20101]
      Executed DbCommand (0ms) [Parameters=[@__id_0='?' (DbType = Int32)], CommandType='Text', CommandTimeout='30']
      SELECT "p"."Id", "p"."CategoryId", "p"."Description", "p"."Name", "p"."Price", "p"."Stock", "c"."Id", "c"."Name"
      FROM "Products" AS "p"
      INNER JOIN "Categories" AS "c" ON "p"."CategoryId" = "c"."Id"
      WHERE "p"."Id" = @__id_0
      LIMIT 1
info: Microsoft.EntityFrameworkCore.Database.Command[20101]
      Executed DbCommand (0ms) [Parameters=[@__id_0='?' (DbType = Int32)], CommandType='Text', CommandTimeout='30']
      SELECT "p"."Id", "p"."CategoryId", "p"."Description", "p"."Name", "p"."Price", "p"."Stock", "c"."Id", "c"."Name"
      FROM "Products" AS "p"
      INNER JOIN "Categories" AS "c" ON "p"."CategoryId" = "c"."Id"
      WHERE "p"."Id" = @__id_0
      LIMIT 1
info: Microsoft.EntityFrameworkCore.Database.Command[20101]
      Executed DbCommand (0ms) [Parameters=[@__id_0='?' (DbType = Int32)], CommandType='Text', CommandTimeout='30']
      SELECT "p"."Id", "p"."CategoryId", "p"."Description", "p"."Name", "p"."Price", "p"."Stock", "c"."Id", "c"."Name"
      FROM "Products" AS "p"
      INNER JOIN "Categories" AS "c" ON "p"."CategoryId" = "c"."Id"
      WHERE "p"."Id" = @__id_0
      LIMIT 1
info: Microsoft.EntityFrameworkCore.Database.Command[20101]
      Executed DbCommand (0ms) [Parameters=[@__id_0='?' (DbType = Int32)], CommandType='Text', CommandTimeout='30']
      SELECT "p"."Id", "p"."CategoryId", "p"."Description", "p"."Name", "p"."Price", "p"."Stock", "c"."Id", "c"."Name"
      FROM "Products" AS "p"
      INNER JOIN "Categories" AS "c" ON "p"."CategoryId" = "c"."Id"
      WHERE "p"."Id" = @__id_0
      LIMIT 1
info: Microsoft.EntityFrameworkCore.Database.Command[20101]
      Executed DbCommand (0ms) [Parameters=[@__id_0='?' (DbType = Int32)], CommandType='Text', CommandTimeout='30']
      SELECT "p"."Id", "p"."CategoryId", "p"."Description", "p"."Name", "p"."Price", "p"."Stock", "c"."Id", "c"."Name"
      FROM "Products" AS "p"
      INNER JOIN "Categories" AS "c" ON "p"."CategoryId" = "c"."Id"
      WHERE "p"."Id" = @__id_0
      LIMIT 1
info: Microsoft.EntityFrameworkCore.Database.Command[20101]
      Executed DbCommand (0ms) [Parameters=[@__id_0='?' (DbType = Int32)], CommandType='Text', CommandTimeout='30']
      SELECT "p"."Id", "p"."CategoryId", "p"."Description", "p"."Name", "p"."Price", "p"."Stock", "c"."Id", "c"."Name"
      FROM "Products" AS "p"
      INNER JOIN "Categories" AS "c" ON "p"."CategoryId" = "c"."Id"
      WHERE "p"."Id" = @__id_0
      LIMIT 1
info: Microsoft.EntityFrameworkCore.Database.Command[20101]
      Executed DbCommand (0ms) [Parameters=[@__id_0='?' (DbType = Int32)], CommandType='Text', CommandTimeout='30']
      SELECT "p"."Id", "p"."CategoryId", "p"."Description", "p"."Name", "p"."Price", "p"."Stock", "c"."Id", "c"."Name"
      FROM "Products" AS "p"
      INNER JOIN "Categories" AS "c" ON "p"."CategoryId" = "c"."Id"
      WHERE "p"."Id" = @__id_0
      LIMIT 1
info: Microsoft.EntityFrameworkCore.Database.Command[20101]
      Executed DbCommand (0ms) [Parameters=[@__id_0='?' (DbType = Int32)], CommandType='Text', CommandTimeout='30']
      SELECT "p"."Id", "p"."CategoryId", "p"."Description", "p"."Name", "p"."Price", "p"."Stock", "c"."Id", "c"."Name"
      FROM "Products" AS "p"
      INNER JOIN "Categories" AS "c" ON "p"."CategoryId" = "c"."Id"
      WHERE "p"."Id" = @__id_0
      LIMIT 1
info: Microsoft.EntityFrameworkCore.Database.Command[20101]
      Executed DbCommand (0ms) [Parameters=[@__id_0='?' (DbType = Int32)], CommandType='Text', CommandTimeout='30']
      SELECT "p"."Id", "p"."CategoryId", "p"."Description", "p"."Name", "p"."Price", "p"."Stock", "c"."Id", "c"."Name"
      FROM "Products" AS "p"
      INNER JOIN "Categories" AS "c" ON "p"."CategoryId" = "c"."Id"
      WHERE "p"."Id" = @__id_0
      LIMIT 1
info: Microsoft.EntityFrameworkCore.Database.Command[20101]
      Executed DbCommand (0ms) [Parameters=[@__id_0='?' (DbType = Int32)], CommandType='Text', CommandTimeout='30']
      SELECT "p"."Id", "p"."CategoryId", "p"."Description", "p"."Name", "p"."Price", "p"."Stock", "c"."Id", "c"."Name"
      FROM "Products" AS "p"
      INNER JOIN "Categories" AS "c" ON "p"."CategoryId" = "c"."Id"
      WHERE "p"."Id" = @__id_0
      LIMIT 1
info: Microsoft.EntityFrameworkCore.Database.Command[20101]
      Executed DbCommand (0ms) [Parameters=[@__id_0='?' (DbType = Int32)], CommandType='Text', CommandTimeout='30']
      SELECT "p"."Id", "p"."CategoryId", "p"."Description", "p"."Name", "p"."Price", "p"."Stock", "c"."Id", "c"."Name"
      FROM "Products" AS "p"
      INNER JOIN "Categories" AS "c" ON "p"."CategoryId" = "c"."Id"
      WHERE "p"."Id" = @__id_0
      LIMIT 1
info: Microsoft.EntityFrameworkCore.Database.Command[20101]
      Executed DbCommand (0ms) [Parameters=[@__id_0='?' (DbType = Int32)], CommandType='Text', CommandTimeout='30']
      SELECT "p"."Id", "p"."CategoryId", "p"."Description", "p"."Name", "p"."Price", "p"."Stock", "c"."Id", "c"."Name"
      FROM "Products" AS "p"
      INNER JOIN "Categories" AS "c" ON "p"."CategoryId" = "c"."Id"
      WHERE "p"."Id" = @__id_0
      LIMIT 1
info: Microsoft.EntityFrameworkCore.Database.Command[20101]
      Executed DbCommand (0ms) [Parameters=[@__id_0='?' (DbType = Int32)], CommandType='Text', CommandTimeout='30']
      SELECT "p"."Id", "p"."CategoryId", "p"."Description", "p"."Name", "p"."Price", "p"."Stock", "c"."Id", "c"."Name"
      FROM "Products" AS "p"
      INNER JOIN "Categories" AS "c" ON "p"."CategoryId" = "c"."Id"
      WHERE "p"."Id" = @__id_0
      LIMIT 1
info: Microsoft.EntityFrameworkCore.Database.Command[20101]
      Executed DbCommand (0ms) [Parameters=[@__id_0='?' (DbType = Int32)], CommandType='Text', CommandTimeout='30']
      SELECT "p"."Id", "p"."CategoryId", "p"."Description", "p"."Name", "p"."Price", "p"."Stock", "c"."Id", "c"."Name"
      FROM "Products" AS "p"
      INNER JOIN "Categories" AS "c" ON "p"."CategoryId" = "c"."Id"
      WHERE "p"."Id" = @__id_0
      LIMIT 1
info: Microsoft.EntityFrameworkCore.Database.Command[20101]
      Executed DbCommand (0ms) [Parameters=[@__id_0='?' (DbType = Int32)], CommandType='Text', CommandTimeout='30']
      SELECT "p"."Id", "p"."CategoryId", "p"."Description", "p"."Name", "p"."Price", "p"."Stock", "c"."Id", "c"."Name"
      FROM "Products" AS "p"
      INNER JOIN "Categories" AS "c" ON "p"."CategoryId" = "c"."Id"
      WHERE "p"."Id" = @__id_0
      LIMIT 1
info: Microsoft.EntityFrameworkCore.Database.Command[20101]
      Executed DbCommand (0ms) [Parameters=[@__id_0='?' (DbType = Int32)], CommandType='Text', CommandTimeout='30']
      SELECT "p"."Id", "p"."CategoryId", "p"."Description", "p"."Name", "p"."Price", "p"."Stock", "c"."Id", "c"."Name"
      FROM "Products" AS "p"
      INNER JOIN "Categories" AS "c" ON "p"."CategoryId" = "c"."Id"
      WHERE "p"."Id" = @__id_0
      LIMIT 1
info: Microsoft.EntityFrameworkCore.Database.Command[20101]
      Executed DbCommand (0ms) [Parameters=[@__id_0='?' (DbType = Int32)], CommandType='Text', CommandTimeout='30']
      SELECT "p"."Id", "p"."CategoryId", "p"."Description", "p"."Name", "p"."Price", "p"."Stock", "c"."Id", "c"."Name"
      FROM "Products" AS "p"
      INNER JOIN "Categories" AS "c" ON "p"."CategoryId" = "c"."Id"
      WHERE "p"."Id" = @__id_0
      LIMIT 1
info: Microsoft.EntityFrameworkCore.Database.Command[20101]
      Executed DbCommand (0ms) [Parameters=[@__id_0='?' (DbType = Int32)], CommandType='Text', CommandTimeout='30']
      SELECT "p"."Id", "p"."CategoryId", "p"."Description", "p"."Name", "p"."Price", "p"."Stock", "c"."Id", "c"."Name"
      FROM "Products" AS "p"
      INNER JOIN "Categories" AS "c" ON "p"."CategoryId" = "c"."Id"
      WHERE "p"."Id" = @__id_0
      LIMIT 1
info: Microsoft.EntityFrameworkCore.Database.Command[20101]
      Executed DbCommand (0ms) [Parameters=[@__id_0='?' (DbType = Int32)], CommandType='Text', CommandTimeout='30']
      SELECT "p"."Id", "p"."CategoryId", "p"."Description", "p"."Name", "p"."Price", "p"."Stock", "c"."Id", "c"."Name"
      FROM "Products" AS "p"
      INNER JOIN "Categories" AS "c" ON "p"."CategoryId" = "c"."Id"
      WHERE "p"."Id" = @__id_0
      LIMIT 1
info: Microsoft.EntityFrameworkCore.Database.Command[20101]
      Executed DbCommand (0ms) [Parameters=[@__id_0='?' (DbType = Int32)], CommandType='Text', CommandTimeout='30']
      SELECT "p"."Id", "p"."CategoryId", "p"."Description", "p"."Name", "p"."Price", "p"."Stock", "c"."Id", "c"."Name"
      FROM "Products" AS "p"
      INNER JOIN "Categories" AS "c" ON "p"."CategoryId" = "c"."Id"
      WHERE "p"."Id" = @__id_0
      LIMIT 1
info: Microsoft.EntityFrameworkCore.Database.Command[20101]
      Executed DbCommand (0ms) [Parameters=[@__categoryId_0='?' (DbType = Int32)], CommandType='Text', CommandTimeout='30']
      SELECT EXISTS (
          SELECT 1
          FROM "Categories" AS "c"
          WHERE "c"."Id" = @__categoryId_0)
info: Microsoft.EntityFrameworkCore.Database.Command[20101]
      Executed DbCommand (0ms) [Parameters=[@p0='?' (DbType = Int32), @p1='?' (Size = 16), @p2='?' (Size = 15), @p3='?' (DbType = Decimal), @p4='?' (DbType = Int32)], CommandType='Text', CommandTimeout='30']
      INSERT INTO "Products" ("CategoryId", "Description", "Name", "Price", "Stock")
      VALUES (@p0, @p1, @p2, @p3, @p4)
      RETURNING "Id";
info: Microsoft.EntityFrameworkCore.Database.Command[20101]
      Executed DbCommand (0ms) [Parameters=[@__id_0='?' (DbType = Int32)], CommandType='Text', CommandTimeout='30']
      SELECT "p"."Id", "p"."CategoryId", "p"."Description", "p"."Name", "p"."Price", "p"."Stock", "c"."Id", "c"."Name"
      FROM "Products" AS "p"
      INNER JOIN "Categories" AS "c" ON "p"."CategoryId" = "c"."Id"
      WHERE "p"."Id" = @__id_0
      LIMIT 1
info: Microsoft.EntityFrameworkCore.Database.Command[20101]
      Executed DbCommand (0ms) [Parameters=[@__categoryId_0='?' (DbType = Int32)], CommandType='Text', CommandTimeout='30']
      SELECT EXISTS (
          SELECT 1
          FROM "Categories" AS "c"
          WHERE "c"."Id" = @__categoryId_0)
info: Microsoft.EntityFrameworkCore.Database.Command[20101]
      Executed DbCommand (0ms) [Parameters=[@__id_0='?' (DbType = Int32)], CommandType='Text', CommandTimeout='30']
      SELECT "p"."Id", "p"."CategoryId", "p"."Description", "p"."Name", "p"."Price", "p"."Stock", "c"."Id", "c"."Name"
      FROM "Products" AS "p"
      INNER JOIN "Categories" AS "c" ON "p"."CategoryId" = "c"."Id"
      WHERE "p"."Id" = @__id_0
      LIMIT 1
info: Microsoft.EntityFrameworkCore.Database.Command[20101]
      Executed DbCommand (0ms) [Parameters=[@__categoryId_0='?' (DbType = Int32)], CommandType='Text', CommandTimeout='30']
      SELECT EXISTS (
          SELECT 1
          FROM "Categories" AS "c"
          WHERE "c"."Id" = @__categoryId_0)
info: Microsoft.EntityFrameworkCore.Database.Command[20101]
      Executed DbCommand (0ms) [Parameters=[@p0='?' (DbType = Int32), @p1='?' (Size = 16), @p2='?' (Size = 15), @p3='?' (DbType = Decimal), @p4='?' (DbType = Int32)], CommandType='Text', CommandTimeout='30']
      INSERT INTO "Products" ("CategoryId", "Description", "Name", "Price", "Stock")
      VALUES (@p0, @p1, @p2, @p3, @p4)
      RETURNING "Id";
info: Microsoft.EntityFrameworkCore.Database.Command[20101]
      Executed DbCommand (0ms) [Parameters=[@__id_0='?' (DbType = Int32)], CommandType='Text', CommandTimeout='30']
      SELECT "p"."Id", "p"."CategoryId", "p"."Description", "p"."Name", "p"."Price", "p"."Stock", "c"."Id", "c"."Name"
      FROM "Products" AS "p"
      INNER JOIN "Categories" AS "c" ON "p"."CategoryId" = "c"."Id"
      WHERE "p"."Id" = @__id_0
      LIMIT 1
info: Microsoft.EntityFrameworkCore.Database.Command[20101]
      Executed DbCommand (0ms) [Parameters=[@__id_0='?' (DbType = Int32)], CommandType='Text', CommandTimeout='30']
      SELECT "p"."Id", "p"."CategoryId", "p"."Description", "p"."Name", "p"."Price", "p"."Stock", "c"."Id", "c"."Name"
      FROM "Products" AS "p"
      INNER JOIN "Categories" AS "c" ON "p"."CategoryId" = "c"."Id"
      WHERE "p"."Id" = @__id_0
      LIMIT 1
info: Microsoft.EntityFrameworkCore.Database.Command[20101]
      Executed DbCommand (0ms) [Parameters=[@__id_0='?' (DbType = Int32)], CommandType='Text', CommandTimeout='30']
      SELECT "p"."Id", "p"."CategoryId", "p"."Description", "p"."Name", "p"."Price", "p"."Stock", "c"."Id", "c"."Name"
      FROM "Products" AS "p"
      INNER JOIN "Categories" AS "c" ON "p"."CategoryId" = "c"."Id"
      WHERE "p"."Id" = @__id_0
      LIMIT 1
info: Microsoft.EntityFrameworkCore.Database.Command[20101]
      Executed DbCommand (0ms) [Parameters=[@__categoryId_0='?' (DbType = Int32)], CommandType='Text', CommandTimeout='30']
      SELECT EXISTS (
          SELECT 1
          FROM "Categories" AS "c"
          WHERE "c"."Id" = @__categoryId_0)
info: Microsoft.EntityFrameworkCore.Database.Command[20101]
      Executed DbCommand (0ms) [Parameters=[@p0='?' (DbType = Int32), @p1='?' (Size = 16), @p2='?' (Size = 15), @p3='?' (DbType = Decimal), @p4='?' (DbType = Int32)], CommandType='Text', CommandTimeout='30']
      INSERT INTO "Products" ("CategoryId", "Description", "Name", "Price", "Stock")
      VALUES (@p0, @p1, @p2, @p3, @p4)
      RETURNING "Id";
info: Microsoft.EntityFrameworkCore.Database.Command[20101]
      Executed DbCommand (0ms) [Parameters=[@__id_0='?' (DbType = Int32)], CommandType='Text', CommandTimeout='30']
      SELECT "p"."Id", "p"."CategoryId", "p"."Description", "p"."Name", "p"."Price", "p"."Stock", "c"."Id", "c"."Name"
      FROM "Products" AS "p"
      INNER JOIN "Categories" AS "c" ON "p"."CategoryId" = "c"."Id"
      WHERE "p"."Id" = @__id_0
      LIMIT 1
info: Microsoft.EntityFrameworkCore.Database.Command[20101]
      Executed DbCommand (0ms) [Parameters=[@__categoryId_0='?' (DbType = Int32)], CommandType='Text', CommandTimeout='30']
      SELECT EXISTS (
          SELECT 1
          FROM "Categories" AS "c"
          WHERE "c"."Id" = @__categoryId_0)
info: Microsoft.EntityFrameworkCore.Database.Command[20101]
      Executed DbCommand (0ms) [Parameters=[@p0='?' (DbType = Int32), @p1='?' (Size = 16), @p2='?' (Size = 15), @p3='?' (DbType = Decimal), @p4='?' (DbType = Int32)], CommandType='Text', CommandTimeout='30']
      INSERT INTO "Products" ("CategoryId", "Description", "Name", "Price", "Stock")
      VALUES (@p0, @p1, @p2, @p3, @p4)
      RETURNING "Id";
info: Microsoft.EntityFrameworkCore.Database.Command[20101]
      Executed DbCommand (0ms) [Parameters=[@__id_0='?' (DbType = Int32)], CommandType='Text', CommandTimeout='30']
      SELECT "p"."Id", "p"."CategoryId", "p"."Description", "p"."Name", "p"."Price", "p"."Stock", "c"."Id", "c"."Name"
      FROM "Products" AS "p"
      INNER JOIN "Categories" AS "c" ON "p"."CategoryId" = "c"."Id"
      WHERE "p"."Id" = @__id_0
      LIMIT 1
info: Microsoft.EntityFrameworkCore.Database.Command[20101]
      Executed DbCommand (0ms) [Parameters=[@__categoryId_0='?' (DbType = Int32)], CommandType='Text', CommandTimeout='30']
      SELECT EXISTS (
          SELECT 1
          FROM "Categories" AS "c"
          WHERE "c"."Id" = @__categoryId_0)
info: Microsoft.EntityFrameworkCore.Database.Command[20101]
      Executed DbCommand (0ms) [Parameters=[@p0='?' (DbType = Int32), @p1='?' (Size = 16), @p2='?' (Size = 15), @p3='?' (DbType = Decimal), @p4='?' (DbType = Int32)], CommandType='Text', CommandTimeout='30']
      INSERT INTO "Products" ("CategoryId", "Description", "Name", "Price", "Stock")
      VALUES (@p0, @p1, @p2, @p3, @p4)
      RETURNING "Id";
info: Microsoft.EntityFrameworkCore.Database.Command[20101]
      Executed DbCommand (0ms) [Parameters=[@__id_0='?' (DbType = Int32)], CommandType='Text', CommandTimeout='30']
      SELECT "p"."Id", "p"."CategoryId", "p"."Description", "p"."Name", "p"."Price", "p"."Stock", "c"."Id", "c"."Name"
      FROM "Products" AS "p"
      INNER JOIN "Categories" AS "c" ON "p"."CategoryId" = "c"."Id"
      WHERE "p"."Id" = @__id_0
      LIMIT 1
info: Microsoft.EntityFrameworkCore.Database.Command[20101]
      Executed DbCommand (0ms) [Parameters=[@__categoryId_0='?' (DbType = Int32)], CommandType='Text', CommandTimeout='30']
      SELECT EXISTS (
          SELECT 1
          FROM "Categories" AS "c"
          WHERE "c"."Id" = @__categoryId_0)
info: Microsoft.EntityFrameworkCore.Database.Command[20101]
      Executed DbCommand (0ms) [Parameters=[@p0='?' (DbType = Int32), @p1='?' (Size = 16), @p2='?' (Size = 15), @p3='?' (DbType = Decimal), @p4='?' (DbType = Int32)], CommandType='Text', CommandTimeout='30']
      INSERT INTO "Products" ("CategoryId", "Description", "Name", "Price", "Stock")
      VALUES (@p0, @p1, @p2, @p3, @p4)
      RETURNING "Id";
info: Microsoft.EntityFrameworkCore.Database.Command[20101]
      Executed DbCommand (0ms) [Parameters=[@__id_0='?' (DbType = Int32)], CommandType='Text', CommandTimeout='30']
      SELECT "p"."Id", "p"."CategoryId", "p"."Description", "p"."Name", "p"."Price", "p"."Stock", "c"."Id", "c"."Name"
      FROM "Products" AS "p"
      INNER JOIN "Categories" AS "c" ON "p"."CategoryId" = "c"."Id"
      WHERE "p"."Id" = @__id_0
      LIMIT 1
info: Microsoft.EntityFrameworkCore.Database.Command[20101]
      Executed DbCommand (0ms) [Parameters=[@__categoryId_0='?' (DbType = Int32)], CommandType='Text', CommandTimeout='30']
      SELECT EXISTS (
          SELECT 1
          FROM "Categories" AS "c"
          WHERE "c"."Id" = @__categoryId_0)
info: Microsoft.EntityFrameworkCore.Database.Command[20101]
      Executed DbCommand (0ms) [Parameters=[@p0='?' (DbType = Int32), @p1='?' (Size = 16), @p2='?' (Size = 15), @p3='?' (DbType = Decimal), @p4='?' (DbType = Int32)], CommandType='Text', CommandTimeout='30']
      INSERT INTO "Products" ("CategoryId", "Description", "Name", "Price", "Stock")
      VALUES (@p0, @p1, @p2, @p3, @p4)
      RETURNING "Id";
info: Microsoft.EntityFrameworkCore.Database.Command[20101]
      Executed DbCommand (0ms) [Parameters=[@__id_0='?' (DbType = Int32)], CommandType='Text', CommandTimeout='30']
      SELECT "p"."Id", "p"."CategoryId", "p"."Description", "p"."Name", "p"."Price", "p"."Stock", "c"."Id", "c"."Name"
      FROM "Products" AS "p"
      INNER JOIN "Categories" AS "c" ON "p"."CategoryId" = "c"."Id"
      WHERE "p"."Id" = @__id_0
      LIMIT 1
info: Microsoft.EntityFrameworkCore.Database.Command[20101]
      Executed DbCommand (0ms) [Parameters=[@__categoryId_0='?' (DbType = Int32)], CommandType='Text', CommandTimeout='30']
      SELECT EXISTS (
          SELECT 1
          FROM "Categories" AS "c"
          WHERE "c"."Id" = @__categoryId_0)
info: Microsoft.EntityFrameworkCore.Database.Command[20101]
      Executed DbCommand (0ms) [Parameters=[@p0='?' (DbType = Int32), @p1='?' (Size = 16), @p2='?' (Size = 15), @p3='?' (DbType = Decimal), @p4='?' (DbType = Int32)], CommandType='Text', CommandTimeout='30']
      INSERT INTO "Products" ("CategoryId", "Description", "Name", "Price", "Stock")
      VALUES (@p0, @p1, @p2, @p3, @p4)
      RETURNING "Id";
info: Microsoft.EntityFrameworkCore.Database.Command[20101]
      Executed DbCommand (0ms) [Parameters=[@__id_0='?' (DbType = Int32)], CommandType='Text', CommandTimeout='30']
      SELECT "p"."Id", "p"."CategoryId", "p"."Description", "p"."Name", "p"."Price", "p"."Stock", "c"."Id", "c"."Name"
      FROM "Products" AS "p"
      INNER JOIN "Categories" AS "c" ON "p"."CategoryId" = "c"."Id"
      WHERE "p"."Id" = @__id_0
      LIMIT 1
info: Microsoft.EntityFrameworkCore.Database.Command[20101]
      Executed DbCommand (0ms) [Parameters=[@__categoryId_0='?' (DbType = Int32)], CommandType='Text', CommandTimeout='30']
      SELECT EXISTS (
          SELECT 1
          FROM "Categories" AS "c"
          WHERE "c"."Id" = @__categoryId_0)
info: Microsoft.EntityFrameworkCore.Database.Command[20101]
      Executed DbCommand (0ms) [Parameters=[@p0='?' (DbType = Int32), @p1='?' (Size = 16), @p2='?' (Size = 15), @p3='?' (DbType = Decimal), @p4='?' (DbType = Int32)], CommandType='Text', CommandTimeout='30']
      INSERT INTO "Products" ("CategoryId", "Description", "Name", "Price", "Stock")
      VALUES (@p0, @p1, @p2, @p3, @p4)
      RETURNING "Id";
info: Microsoft.EntityFrameworkCore.Database.Command[20101]
      Executed DbCommand (0ms) [Parameters=[@__id_0='?' (DbType = Int32)], CommandType='Text', CommandTimeout='30']
      SELECT "p"."Id", "p"."CategoryId", "p"."Description", "p"."Name", "p"."Price", "p"."Stock", "c"."Id", "c"."Name"
      FROM "Products" AS "p"
      INNER JOIN "Categories" AS "c" ON "p"."CategoryId" = "c"."Id"
      WHERE "p"."Id" = @__id_0
      LIMIT 1
info: Microsoft.EntityFrameworkCore.Database.Command[20101]
      Executed DbCommand (0ms) [Parameters=[@__categoryId_0='?' (DbType = Int32)], CommandType='Text', CommandTimeout='30']
      SELECT EXISTS (
          SELECT 1
          FROM "Categories" AS "c"
          WHERE "c"."Id" = @__categoryId_0)
info: Microsoft.EntityFrameworkCore.Database.Command[20101]
      Executed DbCommand (0ms) [Parameters=[@p0='?' (DbType = Int32), @p1='?' (Size = 16), @p2='?' (Size = 15), @p3='?' (DbType = Decimal), @p4='?' (DbType = Int32)], CommandType='Text', CommandTimeout='30']
      INSERT INTO "Products" ("CategoryId", "Description", "Name", "Price", "Stock")
      VALUES (@p0, @p1, @p2, @p3, @p4)
      RETURNING "Id";
info: Microsoft.EntityFrameworkCore.Database.Command[20101]
      Executed DbCommand (0ms) [Parameters=[@__id_0='?' (DbType = Int32)], CommandType='Text', CommandTimeout='30']
      SELECT "p"."Id", "p"."CategoryId", "p"."Description", "p"."Name", "p"."Price", "p"."Stock", "c"."Id", "c"."Name"
      FROM "Products" AS "p"
      INNER JOIN "Categories" AS "c" ON "p"."CategoryId" = "c"."Id"
      WHERE "p"."Id" = @__id_0
      LIMIT 1
info: Microsoft.EntityFrameworkCore.Database.Command[20101]
      Executed DbCommand (0ms) [Parameters=[@__categoryId_0='?' (DbType = Int32)], CommandType='Text', CommandTimeout='30']
      SELECT EXISTS (
          SELECT 1
          FROM "Categories" AS "c"
          WHERE "c"."Id" = @__categoryId_0)
info: Microsoft.EntityFrameworkCore.Database.Command[20101]
      Executed DbCommand (0ms) [Parameters=[@p0='?' (DbType = Int32), @p1='?' (Size = 16), @p2='?' (Size = 15), @p3='?' (DbType = Decimal), @p4='?' (DbType = Int32)], CommandType='Text', CommandTimeout='30']
      INSERT INTO "Products" ("CategoryId", "Description", "Name", "Price", "Stock")
      VALUES (@p0, @p1, @p2, @p3, @p4)
      RETURNING "Id";
info: Microsoft.EntityFrameworkCore.Database.Command[20101]
      Executed DbCommand (0ms) [Parameters=[@__id_0='?' (DbType = Int32)], CommandType='Text', CommandTimeout='30']
      SELECT "p"."Id", "p"."CategoryId", "p"."Description", "p"."Name", "p"."Price", "p"."Stock", "c"."Id", "c"."Name"
      FROM "Products" AS "p"
      INNER JOIN "Categories" AS "c" ON "p"."CategoryId" = "c"."Id"
      WHERE "p"."Id" = @__id_0
      LIMIT 1
info: Microsoft.EntityFrameworkCore.Database.Command[20101]
      Executed DbCommand (0ms) [Parameters=[@__categoryId_0='?' (DbType = Int32)], CommandType='Text', CommandTimeout='30']
      SELECT EXISTS (
          SELECT 1
          FROM "Categories" AS "c"
          WHERE "c"."Id" = @__categoryId_0)
info: Microsoft.EntityFrameworkCore.Database.Command[20101]
      Executed DbCommand (0ms) [Parameters=[@p0='?' (DbType = Int32), @p1='?' (Size = 16), @p2='?' (Size = 15), @p3='?' (DbType = Decimal), @p4='?' (DbType = Int32)], CommandType='Text', CommandTimeout='30']
      INSERT INTO "Products" ("CategoryId", "Description", "Name", "Price", "Stock")
      VALUES (@p0, @p1, @p2, @p3, @p4)
      RETURNING "Id";
info: Microsoft.EntityFrameworkCore.Database.Command[20101]
      Executed DbCommand (0ms) [Parameters=[@__id_0='?' (DbType = Int32)], CommandType='Text', CommandTimeout='30']
      SELECT "p"."Id", "p"."CategoryId", "p"."Description", "p"."Name", "p"."Price", "p"."Stock", "c"."Id", "c"."Name"
      FROM "Products" AS "p"
      INNER JOIN "Categories" AS "c" ON "p"."CategoryId" = "c"."Id"
      WHERE "p"."Id" = @__id_0
      LIMIT 1
info: Microsoft.EntityFrameworkCore.Database.Command[20101]
      Executed DbCommand (0ms) [Parameters=[@__categoryId_0='?' (DbType = Int32)], CommandType='Text', CommandTimeout='30']
      SELECT EXISTS (
          SELECT 1
          FROM "Categories" AS "c"
          WHERE "c"."Id" = @__categoryId_0)
info: Microsoft.EntityFrameworkCore.Database.Command[20101]
      Executed DbCommand (0ms) [Parameters=[@p0='?' (DbType = Int32), @p1='?' (Size = 16), @p2='?' (Size = 15), @p3='?' (DbType = Decimal), @p4='?' (DbType = Int32)], CommandType='Text', CommandTimeout='30']
      INSERT INTO "Products" ("CategoryId", "Description", "Name", "Price", "Stock")
      VALUES (@p0, @p1, @p2, @p3, @p4)
      RETURNING "Id";
info: Microsoft.EntityFrameworkCore.Database.Command[20101]
      Executed DbCommand (0ms) [Parameters=[@__id_0='?' (DbType = Int32)], CommandType='Text', CommandTimeout='30']
      SELECT "p"."Id", "p"."CategoryId", "p"."Description", "p"."Name", "p"."Price", "p"."Stock", "c"."Id", "c"."Name"
      FROM "Products" AS "p"
      INNER JOIN "Categories" AS "c" ON "p"."CategoryId" = "c"."Id"
      WHERE "p"."Id" = @__id_0
      LIMIT 1
info: Microsoft.EntityFrameworkCore.Database.Command[20101]
      Executed DbCommand (0ms) [Parameters=[@__id_0='?' (DbType = Int32)], CommandType='Text', CommandTimeout='30']
      SELECT "p"."Id", "p"."CategoryId", "p"."Description", "p"."Name", "p"."Price", "p"."Stock", "c"."Id", "c"."Name"
      FROM "Products" AS "p"
      INNER JOIN "Categories" AS "c" ON "p"."CategoryId" = "c"."Id"
      WHERE "p"."Id" = @__id_0
      LIMIT 1
info: Microsoft.EntityFrameworkCore.Database.Command[20101]
      Executed DbCommand (0ms) [Parameters=[@__id_0='?' (DbType = Int32)], CommandType='Text', CommandTimeout='30']
      SELECT "p"."Id", "p"."CategoryId", "p"."Description", "p"."Name", "p"."Price", "p"."Stock", "c"."Id", "c"."Name"
      FROM "Products" AS "p"
      INNER JOIN "Categories" AS "c" ON "p"."CategoryId" = "c"."Id"
      WHERE "p"."Id" = @__id_0
      LIMIT 1
info: Microsoft.EntityFrameworkCore.Database.Command[20101]
      Executed DbCommand (0ms) [Parameters=[@__id_0='?' (DbType = Int32)], CommandType='Text', CommandTimeout='30']
      SELECT "p"."Id", "p"."CategoryId", "p"."Description", "p"."Name", "p"."Price", "p"."Stock", "c"."Id", "c"."Name"
      FROM "Products" AS "p"
      INNER JOIN "Categories" AS "c" ON "p"."CategoryId" = "c"."Id"
      WHERE "p"."Id" = @__id_0
      LIMIT 1
info: Microsoft.EntityFrameworkCore.Database.Command[20101]
      Executed DbCommand (0ms) [Parameters=[@__categoryId_0='?' (DbType = Int32)], CommandType='Text', CommandTimeout='30']
      SELECT EXISTS (
          SELECT 1
          FROM "Categories" AS "c"
          WHERE "c"."Id" = @__categoryId_0)
info: Microsoft.EntityFrameworkCore.Database.Command[20101]
      Executed DbCommand (0ms) [Parameters=[@__id_0='?' (DbType = Int32)], CommandType='Text', CommandTimeout='30']
      SELECT "p"."Id", "p"."CategoryId", "p"."Description", "p"."Name", "p"."Price", "p"."Stock", "c"."Id", "c"."Name"
      FROM "Products" AS "p"
      INNER JOIN "Categories" AS "c" ON "p"."CategoryId" = "c"."Id"
      WHERE "p"."Id" = @__id_0
      LIMIT 1
info: Microsoft.EntityFrameworkCore.Database.Command[20101]
      Executed DbCommand (0ms) [Parameters=[@__id_0='?' (DbType = Int32)], CommandType='Text', CommandTimeout='30']
      SELECT "p"."Id", "p"."CategoryId", "p"."Description", "p"."Name", "p"."Price", "p"."Stock", "c"."Id", "c"."Name"
      FROM "Products" AS "p"
      INNER JOIN "Categories" AS "c" ON "p"."CategoryId" = "c"."Id"
      WHERE "p"."Id" = @__id_0
      LIMIT 1
info: Microsoft.EntityFrameworkCore.Database.Command[20101]
      Executed DbCommand (0ms) [Parameters=[@__id_0='?' (DbType = Int32)], CommandType='Text', CommandTimeout='30']
      SELECT "p"."Id", "p"."CategoryId", "p"."Description", "p"."Name", "p"."Price", "p"."Stock", "c"."Id", "c"."Name"
      FROM "Products" AS "p"
      INNER JOIN "Categories" AS "c" ON "p"."CategoryId" = "c"."Id"
      WHERE "p"."Id" = @__id_0
      LIMIT 1
info: Microsoft.EntityFrameworkCore.Database.Command[20101]
      Executed DbCommand (0ms) [Parameters=[@__categoryId_0='?' (DbType = Int32)], CommandType='Text', CommandTimeout='30']
      SELECT EXISTS (
          SELECT 1
          FROM "Categories" AS "c"
          WHERE "c"."Id" = @__categoryId_0)
info: Microsoft.EntityFrameworkCore.Database.Command[20101]
      Executed DbCommand (0ms) [Parameters=[@__categoryId_0='?' (DbType = Int32)], CommandType='Text', CommandTimeout='30']
      SELECT EXISTS (
          SELECT 1
          FROM "Categories" AS "c"
          WHERE "c"."Id" = @__categoryId_0)
info: Microsoft.EntityFrameworkCore.Database.Command[20101]
      Executed DbCommand (0ms) [Parameters=[@p0='?' (DbType = Int32), @p1='?' (Size = 7), @p2='?' (Size = 15), @p3='?' (DbType = Decimal), @p4='?' (DbType = Int32)], CommandType='Text', CommandTimeout='30']
      INSERT INTO "Products" ("CategoryId", "Description", "Name", "Price", "Stock")
      VALUES (@p0, @p1, @p2, @p3, @p4)
      RETURNING "Id";
info: Microsoft.EntityFrameworkCore.Database.Command[20101]
      Executed DbCommand (0ms) [Parameters=[@__id_0='?' (DbType = Int32)], CommandType='Text', CommandTimeout='30']
      SELECT "p"."Id", "p"."CategoryId", "p"."Description", "p"."Name", "p"."Price", "p"."Stock", "c"."Id", "c"."Name"
      FROM "Products" AS "p"
      INNER JOIN "Categories" AS "c" ON "p"."CategoryId" = "c"."Id"
      WHERE "p"."Id" = @__id_0
      LIMIT 1
info: Microsoft.EntityFrameworkCore.Database.Command[20101]
      Executed DbCommand (0ms) [Parameters=[@__id_0='?' (DbType = Int32)], CommandType='Text', CommandTimeout='30']
      SELECT "p"."Id", "p"."CategoryId", "p"."Description", "p"."Name", "p"."Price", "p"."Stock", "c"."Id", "c"."Name"
      FROM "Products" AS "p"
      INNER JOIN "Categories" AS "c" ON "p"."CategoryId" = "c"."Id"
      WHERE "p"."Id" = @__id_0
      LIMIT 1
info: Microsoft.EntityFrameworkCore.Database.Command[20101]
      Executed DbCommand (0ms) [Parameters=[@__categoryId_0='?' (DbType = Int32)], CommandType='Text', CommandTimeout='30']
      SELECT EXISTS (
          SELECT 1
          FROM "Categories" AS "c"
          WHERE "c"."Id" = @__categoryId_0)
info: Microsoft.EntityFrameworkCore.Database.Command[20101]
      Executed DbCommand (0ms) [Parameters=[@__categoryId_0='?' (DbType = Int32)], CommandType='Text', CommandTimeout='30']
      SELECT EXISTS (
          SELECT 1
          FROM "Categories" AS "c"
          WHERE "c"."Id" = @__categoryId_0)
info: Microsoft.EntityFrameworkCore.Database.Command[20101]
      Executed DbCommand (0ms) [Parameters=[@__categoryId_0='?' (DbType = Int32)], CommandType='Text', CommandTimeout='30']
      SELECT EXISTS (
          SELECT 1
          FROM "Categories" AS "c"
          WHERE "c"."Id" = @__categoryId_0)
info: Microsoft.EntityFrameworkCore.Database.Command[20101]
      Executed DbCommand (0ms) [Parameters=[@__categoryId_0='?' (DbType = Int32)], CommandType='Text', CommandTimeout='30']
      SELECT EXISTS (
          SELECT 1
          FROM "Categories" AS "c"
          WHERE "c"."Id" = @__categoryId_0)
info: Microsoft.EntityFrameworkCore.Database.Command[20101]
      Executed DbCommand (0ms) [Parameters=[@__categoryId_0='?' (DbType = Int32)], CommandType='Text', CommandTimeout='30']
      SELECT EXISTS (
          SELECT 1
          FROM "Categories" AS "c"
          WHERE "c"."Id" = @__categoryId_0)
info: Microsoft.EntityFrameworkCore.Database.Command[20101]
      Executed DbCommand (0ms) [Parameters=[@__categoryId_0='?' (DbType = Int32)], CommandType='Text', CommandTimeout='30']
      SELECT EXISTS (
          SELECT 1
          FROM "Categories" AS "c"
          WHERE "c"."Id" = @__categoryId_0)
info: Microsoft.EntityFrameworkCore.Database.Command[20101]
      Executed DbCommand (0ms) [Parameters=[@__categoryId_0='?' (DbType = Int32)], CommandType='Text', CommandTimeout='30']
      SELECT EXISTS (
          SELECT 1
          FROM "Categories" AS "c"
          WHERE "c"."Id" = @__categoryId_0)
info: Microsoft.EntityFrameworkCore.Database.Command[20101]
      Executed DbCommand (0ms) [Parameters=[@__categoryId_0='?' (DbType = Int32)], CommandType='Text', CommandTimeout='30']
      SELECT EXISTS (
          SELECT 1
          FROM "Categories" AS "c"
          WHERE "c"."Id" = @__categoryId_0)
info: Microsoft.EntityFrameworkCore.Database.Command[20101]
      Executed DbCommand (0ms) [Parameters=[@__categoryId_0='?' (DbType = Int32)], CommandType='Text', CommandTimeout='30']
      SELECT EXISTS (
          SELECT 1
          FROM "Categories" AS "c"
          WHERE "c"."Id" = @__categoryId_0)
info: Microsoft.EntityFrameworkCore.Database.Command[20101]
      Executed DbCommand (0ms) [Parameters=[@__categoryId_0='?' (DbType = Int32)], CommandType='Text', CommandTimeout='30']
      SELECT EXISTS (
          SELECT 1
          FROM "Categories" AS "c"
          WHERE "c"."Id" = @__categoryId_0)
info: Microsoft.EntityFrameworkCore.Database.Command[20101]
      Executed DbCommand (0ms) [Parameters=[@__id_0='?' (DbType = Int32)], CommandType='Text', CommandTimeout='30']
      SELECT "p"."Id", "p"."CategoryId", "p"."Description", "p"."Name", "p"."Price", "p"."Stock", "c"."Id", "c"."Name"
      FROM "Products" AS "p"
      INNER JOIN "Categories" AS "c" ON "p"."CategoryId" = "c"."Id"
      WHERE "p"."Id" = @__id_0
      LIMIT 1
info: Microsoft.EntityFrameworkCore.Database.Command[20101]
      Executed DbCommand (0ms) [Parameters=[@__id_0='?' (DbType = Int32)], CommandType='Text', CommandTimeout='30']
      SELECT "p"."Id", "p"."CategoryId", "p"."Description", "p"."Name", "p"."Price", "p"."Stock", "c"."Id", "c"."Name"
      FROM "Products" AS "p"
      INNER JOIN "Categories" AS "c" ON "p"."CategoryId" = "c"."Id"
      WHERE "p"."Id" = @__id_0
      LIMIT 1
info: Microsoft.EntityFrameworkCore.Database.Command[20101]
      Executed DbCommand (0ms) [Parameters=[@__id_0='?' (DbType = Int32)], CommandType='Text', CommandTimeout='30']
      SELECT "p"."Id", "p"."CategoryId", "p"."Description", "p"."Name", "p"."Price", "p"."Stock", "c"."Id", "c"."Name"
      FROM "Products" AS "p"
      INNER JOIN "Categories" AS "c" ON "p"."CategoryId" = "c"."Id"
      WHERE "p"."Id" = @__id_0
      LIMIT 1
info: Microsoft.EntityFrameworkCore.Database.Command[20101]
      Executed DbCommand (0ms) [Parameters=[@__id_0='?' (DbType = Int32)], CommandType='Text', CommandTimeout='30']
      SELECT "p"."Id", "p"."CategoryId", "p"."Description", "p"."Name", "p"."Price", "p"."Stock", "c"."Id", "c"."Name"
      FROM "Products" AS "p"
      INNER JOIN "Categories" AS "c" ON "p"."CategoryId" = "c"."Id"
      WHERE "p"."Id" = @__id_0
      LIMIT 1
info: Microsoft.EntityFrameworkCore.Database.Command[20101]
      Executed DbCommand (0ms) [Parameters=[@__id_0='?' (DbType = Int32)], CommandType='Text', CommandTimeout='30']
      SELECT "p"."Id", "p"."CategoryId", "p"."Description", "p"."Name", "p"."Price", "p"."Stock", "c"."Id", "c"."Name"
      FROM "Products" AS "p"
      INNER JOIN "Categories" AS "c" ON "p"."CategoryId" = "c"."Id"
      WHERE "p"."Id" = @__id_0
      LIMIT 1
info: Microsoft.EntityFrameworkCore.Database.Command[20101]
      Executed DbCommand (0ms) [Parameters=[@__id_0='?' (DbType = Int32)], CommandType='Text', CommandTimeout='30']
      SELECT "p"."Id", "p"."CategoryId", "p"."Description", "p"."Name", "p"."Price", "p"."Stock", "c"."Id", "c"."Name"
      FROM "Products" AS "p"
      INNER JOIN "Categories" AS "c" ON "p"."CategoryId" = "c"."Id"
      WHERE "p"."Id" = @__id_0
      LIMIT 1
info: Microsoft.EntityFrameworkCore.Database.Command[20101]
      Executed DbCommand (0ms) [Parameters=[@__id_0='?' (DbType = Int32)], CommandType='Text', CommandTimeout='30']
      SELECT "p"."Id", "p"."CategoryId", "p"."Description", "p"."Name", "p"."Price", "p"."Stock", "c"."Id", "c"."Name"
      FROM "Products" AS "p"
      INNER JOIN "Categories" AS "c" ON "p"."CategoryId" = "c"."Id"
      WHERE "p"."Id" = @__id_0
      LIMIT 1
info: Microsoft.EntityFrameworkCore.Database.Command[20101]
      Executed DbCommand (0ms) [Parameters=[@__id_0='?' (DbType = Int32)], CommandType='Text', CommandTimeout='30']
      SELECT "p"."Id", "p"."CategoryId", "p"."Description", "p"."Name", "p"."Price", "p"."Stock", "c"."Id", "c"."Name"
      FROM "Products" AS "p"
      INNER JOIN "Categories" AS "c" ON "p"."CategoryId" = "c"."Id"
      WHERE "p"."Id" = @__id_0
      LIMIT 1
info: Microsoft.EntityFrameworkCore.Database.Command[20101]
      Executed DbCommand (0ms) [Parameters=[@__id_0='?' (DbType = Int32)], CommandType='Text', CommandTimeout='30']
      SELECT "p"."Id", "p"."CategoryId", "p"."Description", "p"."Name", "p"."Price", "p"."Stock", "c"."Id", "c"."Name"
      FROM "Products" AS "p"
      INNER JOIN "Categories" AS "c" ON "p"."CategoryId" = "c"."Id"
      WHERE "p"."Id" = @__id_0
      LIMIT 1
info: Microsoft.EntityFrameworkCore.Database.Command[20101]
      Executed DbCommand (0ms) [Parameters=[@__id_0='?' (DbType = Int32)], CommandType='Text', CommandTimeout='30']
      SELECT "p"."Id", "p"."CategoryId", "p"."Description", "p"."Name", "p"."Price", "p"."Stock", "c"."Id", "c"."Name"
      FROM "Products" AS "p"
      INNER JOIN "Categories" AS "c" ON "p"."CategoryId" = "c"."Id"
      WHERE "p"."Id" = @__id_0
      LIMIT 1
info: Microsoft.EntityFrameworkCore.Database.Command[20101]
      Executed DbCommand (0ms) [Parameters=[@__id_0='?' (DbType = Int32)], CommandType='Text', CommandTimeout='30']
      SELECT "p"."Id", "p"."CategoryId", "p"."Description", "p"."Name", "p"."Price", "p"."Stock", "c"."Id", "c"."Name"
      FROM "Products" AS "p"
      INNER JOIN "Categories" AS "c" ON "p"."CategoryId" = "c"."Id"
      WHERE "p"."Id" = @__id_0
      LIMIT 1
info: Microsoft.EntityFrameworkCore.Database.Command[20101]
      Executed DbCommand (0ms) [Parameters=[@__id_0='?' (DbType = Int32)], CommandType='Text', CommandTimeout='30']
      SELECT "p"."Id", "p"."CategoryId", "p"."Description", "p"."Name", "p"."Price", "p"."Stock", "c"."Id", "c"."Name"
      FROM "Products" AS "p"
      INNER JOIN "Categories" AS "c" ON "p"."CategoryId" = "c"."Id"
      WHERE "p"."Id" = @__id_0
      LIMIT 1
info: Microsoft.EntityFrameworkCore.Database.Command[20101]
      Executed DbCommand (0ms) [Parameters=[@__id_0='?' (DbType = Int32)], CommandType='Text', CommandTimeout='30']
      SELECT "p"."Id", "p"."CategoryId", "p"."Description", "p"."Name", "p"."Price", "p"."Stock", "c"."Id", "c"."Name"
      FROM "Products" AS "p"
      INNER JOIN "Categories" AS "c" ON "p"."CategoryId" = "c"."Id"
      WHERE "p"."Id" = @__id_0
      LIMIT 1
info: Microsoft.EntityFrameworkCore.Database.Command[20101]
      Executed DbCommand (0ms) [Parameters=[@__id_0='?' (DbType = Int32)], CommandType='Text', CommandTimeout='30']
      SELECT "p"."Id", "p"."CategoryId", "p"."Description", "p"."Name", "p"."Price", "p"."Stock", "c"."Id", "c"."Name"
      FROM "Products" AS "p"
      INNER JOIN "Categories" AS "c" ON "p"."CategoryId" = "c"."Id"
      WHERE "p"."Id" = @__id_0
      LIMIT 1
info: Microsoft.EntityFrameworkCore.Database.Command[20101]
      Executed DbCommand (0ms) [Parameters=[@__id_0='?' (DbType = Int32)], CommandType='Text', CommandTimeout='30']
      SELECT "p"."Id", "p"."CategoryId", "p"."Description", "p"."Name", "p"."Price", "p"."Stock", "c"."Id", "c"."Name"
      FROM "Products" AS "p"
      INNER JOIN "Categories" AS "c" ON "p"."CategoryId" = "c"."Id"
      WHERE "p"."Id" = @__id_0
      LIMIT 1
info: Microsoft.EntityFrameworkCore.Database.Command[20101]
      Executed DbCommand (0ms) [Parameters=[@__id_0='?' (DbType = Int32)], CommandType='Text', CommandTimeout='30']
      SELECT "p"."Id", "p"."CategoryId", "p"."Description", "p"."Name", "p"."Price", "p"."Stock", "c"."Id", "c"."Name"
      FROM "Products" AS "p"
      INNER JOIN "Categories" AS "c" ON "p"."CategoryId" = "c"."Id"
      WHERE "p"."Id" = @__id_0
      LIMIT 1
info: Microsoft.EntityFrameworkCore.Database.Command[20101]
      Executed DbCommand (0ms) [Parameters=[@__categoryId_0='?' (DbType = Int32)], CommandType='Text', CommandTimeout='30']
      SELECT EXISTS (
          SELECT 1
          FROM "Categories" AS "c"
          WHERE "c"."Id" = @__categoryId_0)
info: Microsoft.EntityFrameworkCore.Database.Command[20101]
      Executed DbCommand (0ms) [Parameters=[@p0='?' (DbType = Int32), @p1='?' (Size = 3), @p2='?' (Size = 14), @p3='?' (DbType = Decimal), @p4='?' (DbType = Int32)], CommandType='Text', CommandTimeout='30']
      INSERT INTO "Products" ("CategoryId", "Description", "Name", "Price", "Stock")
      VALUES (@p0, @p1, @p2, @p3, @p4)
      RETURNING "Id";
info: Microsoft.EntityFrameworkCore.Database.Command[20101]
      Executed DbCommand (0ms) [Parameters=[@__id_0='?' (DbType = Int32)], CommandType='Text', CommandTimeout='30']
      SELECT "p"."Id", "p"."CategoryId", "p"."Description", "p"."Name", "p"."Price", "p"."Stock", "c"."Id", "c"."Name"
      FROM "Products" AS "p"
      INNER JOIN "Categories" AS "c" ON "p"."CategoryId" = "c"."Id"
      WHERE "p"."Id" = @__id_0
      LIMIT 1
info: Microsoft.EntityFrameworkCore.Database.Command[20101]
      Executed DbCommand (0ms) [Parameters=[@__id_0='?' (DbType = Int32)], CommandType='Text', CommandTimeout='30']
      SELECT "p"."Id", "p"."CategoryId", "p"."Description", "p"."Name", "p"."Price", "p"."Stock", "c"."Id", "c"."Name"
      FROM "Products" AS "p"
      INNER JOIN "Categories" AS "c" ON "p"."CategoryId" = "c"."Id"
      WHERE "p"."Id" = @__id_0
      LIMIT 1
info: Microsoft.EntityFrameworkCore.Database.Command[20101]
      Executed DbCommand (0ms) [Parameters=[@__id_0='?' (DbType = Int32)], CommandType='Text', CommandTimeout='30']
      SELECT "p"."Id", "p"."CategoryId", "p"."Description", "p"."Name", "p"."Price", "p"."Stock", "c"."Id", "c"."Name"
      FROM "Products" AS "p"
      INNER JOIN "Categories" AS "c" ON "p"."CategoryId" = "c"."Id"
      WHERE "p"."Id" = @__id_0
      LIMIT 1
info: Microsoft.EntityFrameworkCore.Database.Command[20101]
      Executed DbCommand (0ms) [Parameters=[@__id_0='?' (DbType = Int32)], CommandType='Text', CommandTimeout='30']
      SELECT "p"."Id", "p"."CategoryId", "p"."Description", "p"."Name", "p"."Price", "p"."Stock", "c"."Id", "c"."Name"
      FROM "Products" AS "p"
      INNER JOIN "Categories" AS "c" ON "p"."CategoryId" = "c"."Id"
      WHERE "p"."Id" = @__id_0
      LIMIT 1
info: Microsoft.EntityFrameworkCore.Database.Command[20101]
      Executed DbCommand (0ms) [Parameters=[@__id_0='?' (DbType = Int32)], CommandType='Text', CommandTimeout='30']
      SELECT "p"."Id", "p"."CategoryId", "p"."Description", "p"."Name", "p"."Price", "p"."Stock", "c"."Id", "c"."Name"
      FROM "Products" AS "p"
      INNER JOIN "Categories" AS "c" ON "p"."CategoryId" = "c"."Id"
      WHERE "p"."Id" = @__id_0
      LIMIT 1
info: Microsoft.EntityFrameworkCore.Database.Command[20101]
      Executed DbCommand (0ms) [Parameters=[@__id_0='?' (DbType = Int32)], CommandType='Text', CommandTimeout='30']
      SELECT "p"."Id", "p"."CategoryId", "p"."Description", "p"."Name", "p"."Price", "p"."Stock", "c"."Id", "c"."Name"
      FROM "Products" AS "p"
      INNER JOIN "Categories" AS "c" ON "p"."CategoryId" = "c"."Id"
      WHERE "p"."Id" = @__id_0
      LIMIT 1
info: Microsoft.EntityFrameworkCore.Database.Command[20101]
      Executed DbCommand (0ms) [Parameters=[@__id_0='?' (DbType = Int32)], CommandType='Text', CommandTimeout='30']
      SELECT "p"."Id", "p"."CategoryId", "p"."Description", "p"."Name", "p"."Price", "p"."Stock", "c"."Id", "c"."Name"
      FROM "Products" AS "p"
      INNER JOIN "Categories" AS "c" ON "p"."CategoryId" = "c"."Id"
      WHERE "p"."Id" = @__id_0
      LIMIT 1
info: Microsoft.EntityFrameworkCore.Database.Command[20101]
      Executed DbCommand (0ms) [Parameters=[@__id_0='?' (DbType = Int32)], CommandType='Text', CommandTimeout='30']
      SELECT "p"."Id", "p"."CategoryId", "p"."Description", "p"."Name", "p"."Price", "p"."Stock", "c"."Id", "c"."Name"
      FROM "Products" AS "p"
      INNER JOIN "Categories" AS "c" ON "p"."CategoryId" = "c"."Id"
      WHERE "p"."Id" = @__id_0
      LIMIT 1
info: Microsoft.EntityFrameworkCore.Database.Command[20101]
      Executed DbCommand (0ms) [Parameters=[@__id_0='?' (DbType = Int32)], CommandType='Text', CommandTimeout='30']
      SELECT "p"."Id", "p"."CategoryId", "p"."Description", "p"."Name", "p"."Price", "p"."Stock", "c"."Id", "c"."Name"
      FROM "Products" AS "p"
      INNER JOIN "Categories" AS "c" ON "p"."CategoryId" = "c"."Id"
      WHERE "p"."Id" = @__id_0
      LIMIT 1
info: Microsoft.EntityFrameworkCore.Database.Command[20101]
      Executed DbCommand (0ms) [Parameters=[@__id_0='?' (DbType = Int32)], CommandType='Text', CommandTimeout='30']
      SELECT "p"."Id", "p"."CategoryId", "p"."Description", "p"."Name", "p"."Price", "p"."Stock", "c"."Id", "c"."Name"
      FROM "Products" AS "p"
      INNER JOIN "Categories" AS "c" ON "p"."CategoryId" = "c"."Id"
      WHERE "p"."Id" = @__id_0
      LIMIT 1
info: Microsoft.EntityFrameworkCore.Database.Command[20101]
      Executed DbCommand (0ms) [Parameters=[@__id_0='?' (DbType = Int32)], CommandType='Text', CommandTimeout='30']
      SELECT "p"."Id", "p"."CategoryId", "p"."Description", "p"."Name", "p"."Price", "p"."Stock", "c"."Id", "c"."Name"
      FROM "Products" AS "p"
      INNER JOIN "Categories" AS "c" ON "p"."CategoryId" = "c"."Id"
      WHERE "p"."Id" = @__id_0
      LIMIT 1
info: Microsoft.EntityFrameworkCore.Database.Command[20101]
      Executed DbCommand (0ms) [Parameters=[@__id_0='?' (DbType = Int32)], CommandType='Text', CommandTimeout='30']
      SELECT "p"."Id", "p"."CategoryId", "p"."Description", "p"."Name", "p"."Price", "p"."Stock", "c"."Id", "c"."Name"
      FROM "Products" AS "p"
      INNER JOIN "Categories" AS "c" ON "p"."CategoryId" = "c"."Id"
      WHERE "p"."Id" = @__id_0
      LIMIT 1
info: Microsoft.EntityFrameworkCore.Database.Command[20101]
      Executed DbCommand (0ms) [Parameters=[@__id_0='?' (DbType = Int32)], CommandType='Text', CommandTimeout='30']
      SELECT "p"."Id", "p"."CategoryId", "p"."Description", "p"."Name", "p"."Price", "p"."Stock", "c"."Id", "c"."Name"
      FROM "Products" AS "p"
      INNER JOIN "Categories" AS "c" ON "p"."CategoryId" = "c"."Id"
      WHERE "p"."Id" = @__id_0
      LIMIT 1
info: Microsoft.EntityFrameworkCore.Database.Command[20101]
      Executed DbCommand (0ms) [Parameters=[@__id_0='?' (DbType = Int32)], CommandType='Text', CommandTimeout='30']
      SELECT "p"."Id", "p"."CategoryId", "p"."Description", "p"."Name", "p"."Price", "p"."Stock", "c"."Id", "c"."Name"
      FROM "Products" AS "p"
      INNER JOIN "Categories" AS "c" ON "p"."CategoryId" = "c"."Id"
      WHERE "p"."Id" = @__id_0
      LIMIT 1
info: Microsoft.EntityFrameworkCore.Database.Command[20101]
      Executed DbCommand (0ms) [Parameters=[@__id_0='?' (DbType = Int32)], CommandType='Text', CommandTimeout='30']
      SELECT "p"."Id", "p"."CategoryId", "p"."Description", "p"."Name", "p"."Price", "p"."Stock", "c"."Id", "c"."Name"
      FROM "Products" AS "p"
      INNER JOIN "Categories" AS "c" ON "p"."CategoryId" = "c"."Id"
      WHERE "p"."Id" = @__id_0
      LIMIT 1
info: Microsoft.EntityFrameworkCore.Database.Command[20101]
      Executed DbCommand (0ms) [Parameters=[@__id_0='?' (DbType = Int32)], CommandType='Text', CommandTimeout='30']
      SELECT "p"."Id", "p"."CategoryId", "p"."Description", "p"."Name", "p"."Price", "p"."Stock", "c"."Id", "c"."Name"
      FROM "Products" AS "p"
      INNER JOIN "Categories" AS "c" ON "p"."CategoryId" = "c"."Id"
      WHERE "p"."Id" = @__id_0
      LIMIT 1
info: Microsoft.EntityFrameworkCore.Database.Command[20101]
      Executed DbCommand (0ms) [Parameters=[@__id_0='?' (DbType = Int32)], CommandType='Text', CommandTimeout='30']
      SELECT "p"."Id", "p"."CategoryId", "p"."Description", "p"."Name", "p"."Price", "p"."Stock", "c"."Id", "c"."Name"
      FROM "Products" AS "p"
      INNER JOIN "Categories" AS "c" ON "p"."CategoryId" = "c"."Id"
      WHERE "p"."Id" = @__id_0
      LIMIT 1
info: Microsoft.EntityFrameworkCore.Database.Command[20101]
      Executed DbCommand (0ms) [Parameters=[@__id_0='?' (DbType = Int32)], CommandType='Text', CommandTimeout='30']
      SELECT "p"."Id", "p"."CategoryId", "p"."Description", "p"."Name", "p"."Price", "p"."Stock", "c"."Id", "c"."Name"
      FROM "Products" AS "p"
      INNER JOIN "Categories" AS "c" ON "p"."CategoryId" = "c"."Id"
      WHERE "p"."Id" = @__id_0
      LIMIT 1
info: Microsoft.EntityFrameworkCore.Database.Command[20101]
      Executed DbCommand (0ms) [Parameters=[@__id_0='?' (DbType = Int32)], CommandType='Text', CommandTimeout='30']
      SELECT "p"."Id", "p"."CategoryId", "p"."Description", "p"."Name", "p"."Price", "p"."Stock", "c"."Id", "c"."Name"
      FROM "Products" AS "p"
      INNER JOIN "Categories" AS "c" ON "p"."CategoryId" = "c"."Id"
      WHERE "p"."Id" = @__id_0
      LIMIT 1
info: Microsoft.EntityFrameworkCore.Database.Command[20101]
      Executed DbCommand (0ms) [Parameters=[@__id_0='?' (DbType = Int32)], CommandType='Text', CommandTimeout='30']
      SELECT "p"."Id", "p"."CategoryId", "p"."Description", "p"."Name", "p"."Price", "p"."Stock", "c"."Id", "c"."Name"
      FROM "Products" AS "p"
      INNER JOIN "Categories" AS "c" ON "p"."CategoryId" = "c"."Id"
      WHERE "p"."Id" = @__id_0
      LIMIT 1
info: Microsoft.EntityFrameworkCore.Database.Command[20101]
      Executed DbCommand (0ms) [Parameters=[@__id_0='?' (DbType = Int32)], CommandType='Text', CommandTimeout='30']
      SELECT "p"."Id", "p"."CategoryId", "p"."Description", "p"."Name", "p"."Price", "p"."Stock", "c"."Id", "c"."Name"
      FROM "Products" AS "p"
      INNER JOIN "Categories" AS "c" ON "p"."CategoryId" = "c"."Id"
      WHERE "p"."Id" = @__id_0
      LIMIT 1
info: Microsoft.EntityFrameworkCore.Database.Command[20101]
      Executed DbCommand (0ms) [Parameters=[@__id_0='?' (DbType = Int32)], CommandType='Text', CommandTimeout='30']
      SELECT "p"."Id", "p"."CategoryId", "p"."Description", "p"."Name", "p"."Price", "p"."Stock", "c"."Id", "c"."Name"
      FROM "Products" AS "p"
      INNER JOIN "Categories" AS "c" ON "p"."CategoryId" = "c"."Id"
      WHERE "p"."Id" = @__id_0
      LIMIT 1
info: Microsoft.EntityFrameworkCore.Database.Command[20101]
      Executed DbCommand (0ms) [Parameters=[@__id_0='?' (DbType = Int32)], CommandType='Text', CommandTimeout='30']
      SELECT "p"."Id", "p"."CategoryId", "p"."Description", "p"."Name", "p"."Price", "p"."Stock", "c"."Id", "c"."Name"
      FROM "Products" AS "p"
      INNER JOIN "Categories" AS "c" ON "p"."CategoryId" = "c"."Id"
      WHERE "p"."Id" = @__id_0
      LIMIT 1
info: Microsoft.EntityFrameworkCore.Database.Command[20101]
      Executed DbCommand (0ms) [Parameters=[@__id_0='?' (DbType = Int32)], CommandType='Text', CommandTimeout='30']
      SELECT "p"."Id", "p"."CategoryId", "p"."Description", "p"."Name", "p"."Price", "p"."Stock", "c"."Id", "c"."Name"
      FROM "Products" AS "p"
      INNER JOIN "Categories" AS "c" ON "p"."CategoryId" = "c"."Id"
      WHERE "p"."Id" = @__id_0
      LIMIT 1
info: Microsoft.EntityFrameworkCore.Database.Command[20101]
      Executed DbCommand (0ms) [Parameters=[@__id_0='?' (DbType = Int32)], CommandType='Text', CommandTimeout='30']
      SELECT "p"."Id", "p"."CategoryId", "p"."Description", "p"."Name", "p"."Price", "p"."Stock", "c"."Id", "c"."Name"
      FROM "Products" AS "p"
      INNER JOIN "Categories" AS "c" ON "p"."CategoryId" = "c"."Id"
      WHERE "p"."Id" = @__id_0
      LIMIT 1
info: Microsoft.EntityFrameworkCore.Database.Command[20101]
      Executed DbCommand (0ms) [Parameters=[@__id_0='?' (DbType = Int32)], CommandType='Text', CommandTimeout='30']
      SELECT "p"."Id", "p"."CategoryId", "p"."Description", "p"."Name", "p"."Price", "p"."Stock", "c"."Id", "c"."Name"
      FROM "Products" AS "p"
      INNER JOIN "Categories" AS "c" ON "p"."CategoryId" = "c"."Id"
      WHERE "p"."Id" = @__id_0
      LIMIT 1
info: Microsoft.EntityFrameworkCore.Database.Command[20101]
      Executed DbCommand (0ms) [Parameters=[@__id_0='?' (DbType = Int32)], CommandType='Text', CommandTimeout='30']
      SELECT "p"."Id", "p"."CategoryId", "p"."Description", "p"."Name", "p"."Price", "p"."Stock", "c"."Id", "c"."Name"
      FROM "Products" AS "p"
      INNER JOIN "Categories" AS "c" ON "p"."CategoryId" = "c"."Id"
      WHERE "p"."Id" = @__id_0
      LIMIT 1
info: Microsoft.EntityFrameworkCore.Database.Command[20101]
      Executed DbCommand (0ms) [Parameters=[@__categoryId_0='?' (DbType = Int32)], CommandType='Text', CommandTimeout='30']
      SELECT EXISTS (
          SELECT 1
          FROM "Categories" AS "c"
          WHERE "c"."Id" = @__categoryId_0)
info: Microsoft.EntityFrameworkCore.Database.Command[20101]
      Executed DbCommand (0ms) [Parameters=[@p0='?' (DbType = Int32), @p1='?' (Size = 3), @p2='?' (Size = 14), @p3='?' (DbType = Decimal), @p4='?' (DbType = Int32)], CommandType='Text', CommandTimeout='30']
      INSERT INTO "Products" ("CategoryId", "Description", "Name", "Price", "Stock")
      VALUES (@p0, @p1, @p2, @p3, @p4)
      RETURNING "Id";
info: Microsoft.EntityFrameworkCore.Database.Command[20101]
      Executed DbCommand (0ms) [Parameters=[@__id_0='?' (DbType = Int32)], CommandType='Text', CommandTimeout='30']
      SELECT "p"."Id", "p"."CategoryId", "p"."Description", "p"."Name", "p"."Price", "p"."Stock", "c"."Id", "c"."Name"
      FROM "Products" AS "p"
      INNER JOIN "Categories" AS "c" ON "p"."CategoryId" = "c"."Id"
      WHERE "p"."Id" = @__id_0
      LIMIT 1
info: Microsoft.EntityFrameworkCore.Database.Command[20101]
      Executed DbCommand (0ms) [Parameters=[@__categoryId_0='?' (DbType = Int32)], CommandType='Text', CommandTimeout='30']
      SELECT EXISTS (
          SELECT 1
          FROM "Categories" AS "c"
          WHERE "c"."Id" = @__categoryId_0)
info: Microsoft.EntityFrameworkCore.Database.Command[20101]
      Executed DbCommand (0ms) [Parameters=[@p0='?' (DbType = Int32), @p1='?' (Size = 3), @p2='?' (Size = 14), @p3='?' (DbType = Decimal), @p4='?' (DbType = Int32)], CommandType='Text', CommandTimeout='30']
      INSERT INTO "Products" ("CategoryId", "Description", "Name", "Price", "Stock")
      VALUES (@p0, @p1, @p2, @p3, @p4)
      RETURNING "Id";
info: Microsoft.EntityFrameworkCore.Database.Command[20101]
      Executed DbCommand (0ms) [Parameters=[@__id_0='?' (DbType = Int32)], CommandType='Text', CommandTimeout='30']
      SELECT "p"."Id", "p"."CategoryId", "p"."Description", "p"."Name", "p"."Price", "p"."Stock", "c"."Id", "c"."Name"
      FROM "Products" AS "p"
      INNER JOIN "Categories" AS "c" ON "p"."CategoryId" = "c"."Id"
      WHERE "p"."Id" = @__id_0
      LIMIT 1
info: Microsoft.EntityFrameworkCore.Database.Command[20101]
      Executed DbCommand (0ms) [Parameters=[@__id_0='?' (DbType = Int32)], CommandType='Text', CommandTimeout='30']
      SELECT "p"."Id", "p"."CategoryId", "p"."Description", "p"."Name", "p"."Price", "p"."Stock", "c"."Id", "c"."Name"
      FROM "Products" AS "p"
      INNER JOIN "Categories" AS "c" ON "p"."CategoryId" = "c"."Id"
      WHERE "p"."Id" = @__id_0
      LIMIT 1
info: Microsoft.EntityFrameworkCore.Database.Command[20101]
      Executed DbCommand (0ms) [Parameters=[@__id_0='?' (DbType = Int32)], CommandType='Text', CommandTimeout='30']
      SELECT "p"."Id", "p"."CategoryId", "p"."Description", "p"."Name", "p"."Price", "p"."Stock", "c"."Id", "c"."Name"
      FROM "Products" AS "p"
      INNER JOIN "Categories" AS "c" ON "p"."CategoryId" = "c"."Id"
      WHERE "p"."Id" = @__id_0
      LIMIT 1
info: Microsoft.EntityFrameworkCore.Database.Command[20101]
      Executed DbCommand (0ms) [Parameters=[@__id_0='?' (DbType = Int32)], CommandType='Text', CommandTimeout='30']
      SELECT "p"."Id", "p"."CategoryId", "p"."Description", "p"."Name", "p"."Price", "p"."Stock", "c"."Id", "c"."Name"
      FROM "Products" AS "p"
      INNER JOIN "Categories" AS "c" ON "p"."CategoryId" = "c"."Id"
      WHERE "p"."Id" = @__id_0
      LIMIT 1
info: Microsoft.EntityFrameworkCore.Database.Command[20101]
      Executed DbCommand (0ms) [Parameters=[@__id_0='?' (DbType = Int32)], CommandType='Text', CommandTimeout='30']
      SELECT "p"."Id", "p"."CategoryId", "p"."Description", "p"."Name", "p"."Price", "p"."Stock", "c"."Id", "c"."Name"
      FROM "Products" AS "p"
      INNER JOIN "Categories" AS "c" ON "p"."CategoryId" = "c"."Id"
      WHERE "p"."Id" = @__id_0
      LIMIT 1
info: Microsoft.EntityFrameworkCore.Database.Command[20101]
      Executed DbCommand (0ms) [Parameters=[@__id_0='?' (DbType = Int32)], CommandType='Text', CommandTimeout='30']
      SELECT "p"."Id", "p"."CategoryId", "p"."Description", "p"."Name", "p"."Price", "p"."Stock", "c"."Id", "c"."Name"
      FROM "Products" AS "p"
      INNER JOIN "Categories" AS "c" ON "p"."CategoryId" = "c"."Id"
      WHERE "p"."Id" = @__id_0
      LIMIT 1
info: Microsoft.EntityFrameworkCore.Database.Command[20101]
      Executed DbCommand (0ms) [Parameters=[@__id_0='?' (DbType = Int32)], CommandType='Text', CommandTimeout='30']
      SELECT "p"."Id", "p"."CategoryId", "p"."Description", "p"."Name", "p"."Price", "p"."Stock", "c"."Id", "c"."Name"
      FROM "Products" AS "p"
      INNER JOIN "Categories" AS "c" ON "p"."CategoryId" = "c"."Id"
      WHERE "p"."Id" = @__id_0
      LIMIT 1
info: Microsoft.EntityFrameworkCore.Database.Command[20101]
      Executed DbCommand (0ms) [Parameters=[@__id_0='?' (DbType = Int32)], CommandType='Text', CommandTimeout='30']
      SELECT "p"."Id", "p"."CategoryId", "p"."Description", "p"."Name", "p"."Price", "p"."Stock", "c"."Id", "c"."Name"
      FROM "Products" AS "p"
      INNER JOIN "Categories" AS "c" ON "p"."CategoryId" = "c"."Id"
      WHERE "p"."Id" = @__id_0
      LIMIT 1
info: Microsoft.EntityFrameworkCore.Database.Command[20101]
      Executed DbCommand (0ms) [Parameters=[@__id_0='?' (DbType = Int32)], CommandType='Text', CommandTimeout='30']
      SELECT "p"."Id", "p"."CategoryId", "p"."Description", "p"."Name", "p"."Price", "p"."Stock", "c"."Id", "c"."Name"
      FROM "Products" AS "p"
      INNER JOIN "Categories" AS "c" ON "p"."CategoryId" = "c"."Id"
      WHERE "p"."Id" = @__id_0
      LIMIT 1
info: Microsoft.EntityFrameworkCore.Database.Command[20101]
      Executed DbCommand (0ms) [Parameters=[@__id_0='?' (DbType = Int32)], CommandType='Text', CommandTimeout='30']
      SELECT "p"."Id", "p"."CategoryId", "p"."Description", "p"."Name", "p"."Price", "p"."Stock", "c"."Id", "c"."Name"
      FROM "Products" AS "p"
      INNER JOIN "Categories" AS "c" ON "p"."CategoryId" = "c"."Id"
      WHERE "p"."Id" = @__id_0
      LIMIT 1
info: Microsoft.EntityFrameworkCore.Database.Command[20101]
      Executed DbCommand (0ms) [Parameters=[@__id_0='?' (DbType = Int32)], CommandType='Text', CommandTimeout='30']
      SELECT "p"."Id", "p"."CategoryId", "p"."Description", "p"."Name", "p"."Price", "p"."Stock", "c"."Id", "c"."Name"
      FROM "Products" AS "p"
      INNER JOIN "Categories" AS "c" ON "p"."CategoryId" = "c"."Id"
      WHERE "p"."Id" = @__id_0
      LIMIT 1
info: Microsoft.EntityFrameworkCore.Database.Command[20101]
      Executed DbCommand (0ms) [Parameters=[@__id_0='?' (DbType = Int32)], CommandType='Text', CommandTimeout='30']
      SELECT "p"."Id", "p"."CategoryId", "p"."Description", "p"."Name", "p"."Price", "p"."Stock", "c"."Id", "c"."Name"
      FROM "Products" AS "p"
      INNER JOIN "Categories" AS "c" ON "p"."CategoryId" = "c"."Id"
      WHERE "p"."Id" = @__id_0
      LIMIT 1
info: Microsoft.EntityFrameworkCore.Database.Command[20101]
      Executed DbCommand (0ms) [Parameters=[@__id_0='?' (DbType = Int32)], CommandType='Text', CommandTimeout='30']
      SELECT "p"."Id", "p"."CategoryId", "p"."Description", "p"."Name", "p"."Price", "p"."Stock", "c"."Id", "c"."Name"
      FROM "Products" AS "p"
      INNER JOIN "Categories" AS "c" ON "p"."CategoryId" = "c"."Id"
      WHERE "p"."Id" = @__id_0
      LIMIT 1
info: Microsoft.EntityFrameworkCore.Database.Command[20101]
      Executed DbCommand (0ms) [Parameters=[@__id_0='?' (DbType = Int32)], CommandType='Text', CommandTimeout='30']
      SELECT "p"."Id", "p"."CategoryId", "p"."Description", "p"."Name", "p"."Price", "p"."Stock", "c"."Id", "c"."Name"
      FROM "Products" AS "p"
      INNER JOIN "Categories" AS "c" ON "p"."CategoryId" = "c"."Id"
      WHERE "p"."Id" = @__id_0
      LIMIT 1
info: Microsoft.EntityFrameworkCore.Database.Command[20101]
      Executed DbCommand (0ms) [Parameters=[@__id_0='?' (DbType = Int32)], CommandType='Text', CommandTimeout='30']
      SELECT "p"."Id", "p"."CategoryId", "p"."Description", "p"."Name", "p"."Price", "p"."Stock", "c"."Id", "c"."Name"
      FROM "Products" AS "p"
      INNER JOIN "Categories" AS "c" ON "p"."CategoryId" = "c"."Id"
      WHERE "p"."Id" = @__id_0
      LIMIT 1
info: Microsoft.EntityFrameworkCore.Database.Command[20101]
      Executed DbCommand (0ms) [Parameters=[@__id_0='?' (DbType = Int32)], CommandType='Text', CommandTimeout='30']
      SELECT "p"."Id", "p"."CategoryId", "p"."Description", "p"."Name", "p"."Price", "p"."Stock", "c"."Id", "c"."Name"
      FROM "Products" AS "p"
      INNER JOIN "Categories" AS "c" ON "p"."CategoryId" = "c"."Id"
      WHERE "p"."Id" = @__id_0
      LIMIT 1
info: Microsoft.EntityFrameworkCore.Database.Command[20101]
      Executed DbCommand (0ms) [Parameters=[@__id_0='?' (DbType = Int32)], CommandType='Text', CommandTimeout='30']
      SELECT "p"."Id", "p"."CategoryId", "p"."Description", "p"."Name", "p"."Price", "p"."Stock", "c"."Id", "c"."Name"
      FROM "Products" AS "p"
      INNER JOIN "Categories" AS "c" ON "p"."CategoryId" = "c"."Id"
      WHERE "p"."Id" = @__id_0
      LIMIT 1
info: Microsoft.EntityFrameworkCore.Database.Command[20101]
      Executed DbCommand (0ms) [Parameters=[@__categoryId_0='?' (DbType = Int32)], CommandType='Text', CommandTimeout='30']
      SELECT EXISTS (
          SELECT 1
          FROM "Categories" AS "c"
          WHERE "c"."Id" = @__categoryId_0)
info: Microsoft.EntityFrameworkCore.Database.Command[20101]
      Executed DbCommand (0ms) [Parameters=[@__categoryId_0='?' (DbType = Int32)], CommandType='Text', CommandTimeout='30']
      SELECT EXISTS (
          SELECT 1
          FROM "Categories" AS "c"
          WHERE "c"."Id" = @__categoryId_0)
info: Microsoft.EntityFrameworkCore.Database.Command[20101]
      Executed DbCommand (0ms) [Parameters=[@__categoryId_0='?' (DbType = Int32)], CommandType='Text', CommandTimeout='30']
      SELECT EXISTS (
          SELECT 1
          FROM "Categories" AS "c"
          WHERE "c"."Id" = @__categoryId_0)
info: Microsoft.EntityFrameworkCore.Database.Command[20101]
      Executed DbCommand (0ms) [Parameters=[@__categoryId_0='?' (DbType = Int32)], CommandType='Text', CommandTimeout='30']
      SELECT EXISTS (
          SELECT 1
          FROM "Categories" AS "c"
          WHERE "c"."Id" = @__categoryId_0)
info: Microsoft.EntityFrameworkCore.Database.Command[20101]
      Executed DbCommand (0ms) [Parameters=[@__categoryId_0='?' (DbType = Int32)], CommandType='Text', CommandTimeout='30']
      SELECT EXISTS (
          SELECT 1
          FROM "Categories" AS "c"
          WHERE "c"."Id" = @__categoryId_0)
info: Microsoft.EntityFrameworkCore.Database.Command[20101]
      Executed DbCommand (0ms) [Parameters=[@__categoryId_0='?' (DbType = Int32)], CommandType='Text', CommandTimeout='30']
      SELECT EXISTS (
          SELECT 1
          FROM "Categories" AS "c"
          WHERE "c"."Id" = @__categoryId_0)
info: Microsoft.EntityFrameworkCore.Database.Command[20101]
      Executed DbCommand (0ms) [Parameters=[@__categoryId_0='?' (DbType = Int32)], CommandType='Text', CommandTimeout='30']
      SELECT EXISTS (
          SELECT 1
          FROM "Categories" AS "c"
          WHERE "c"."Id" = @__categoryId_0)
info: Microsoft.EntityFrameworkCore.Database.Command[20101]
      Executed DbCommand (0ms) [Parameters=[@__categoryId_0='?' (DbType = Int32)], CommandType='Text', CommandTimeout='30']
      SELECT EXISTS (
          SELECT 1
          FROM "Categories" AS "c"
          WHERE "c"."Id" = @__categoryId_0)
info: Microsoft.EntityFrameworkCore.Database.Command[20101]
      Executed DbCommand (0ms) [Parameters=[@__id_0='?' (DbType = Int32)], CommandType='Text', CommandTimeout='30']
      SELECT "p"."Id", "p"."CategoryId", "p"."Description", "p"."Name", "p"."Price", "p"."Stock", "c"."Id", "c"."Name"
      FROM "Products" AS "p"
      INNER JOIN "Categories" AS "c" ON "p"."CategoryId" = "c"."Id"
      WHERE "p"."Id" = @__id_0
      LIMIT 1
info: Microsoft.EntityFrameworkCore.Database.Command[20101]
      Executed DbCommand (3ms) [Parameters=[], CommandType='Text', CommandTimeout='30']
      SELECT "p"."Id", "p"."CategoryId", "p"."Description", "p"."Name", "p"."Price", "p"."Stock", "c"."Id", "c"."Name"
      FROM "Products" AS "p"
      INNER JOIN "Categories" AS "c" ON "p"."CategoryId" = "c"."Id"
      ORDER BY "p"."Id"
info: Microsoft.EntityFrameworkCore.Database.Command[20101]
      Executed DbCommand (0ms) [Parameters=[@__categoryId_0='?' (DbType = Int32)], CommandType='Text', CommandTimeout='30']
      SELECT EXISTS (
          SELECT 1
          FROM "Categories" AS "c"
          WHERE "c"."Id" = @__categoryId_0)
info: Microsoft.EntityFrameworkCore.Database.Command[20101]
      Executed DbCommand (16ms) [Parameters=[@p0='?' (DbType = Int32), @p1='?' (Size = 20), @p2='?' (Size = 16), @p3='?' (DbType = Decimal), @p4='?' (DbType = Int32)], CommandType='Text', CommandTimeout='30']
      INSERT INTO "Products" ("CategoryId", "Description", "Name", "Price", "Stock")
      VALUES (@p0, @p1, @p2, @p3, @p4)
      RETURNING "Id";
info: Microsoft.EntityFrameworkCore.Database.Command[20101]
      Executed DbCommand (0ms) [Parameters=[@__id_0='?' (DbType = Int32)], CommandType='Text', CommandTimeout='30']
      SELECT "p"."Id", "p"."CategoryId", "p"."Description", "p"."Name", "p"."Price", "p"."Stock", "c"."Id", "c"."Name"
      FROM "Products" AS "p"
      INNER JOIN "Categories" AS "c" ON "p"."CategoryId" = "c"."Id"
      WHERE "p"."Id" = @__id_0
      LIMIT 1
info: Microsoft.EntityFrameworkCore.Database.Command[20101]
      Executed DbCommand (0ms) [Parameters=[@__categoryId_0='?' (DbType = Int32)], CommandType='Text', CommandTimeout='30']
      SELECT EXISTS (
          SELECT 1
          FROM "Categories" AS "c"
          WHERE "c"."Id" = @__categoryId_0)
info: Microsoft.EntityFrameworkCore.Database.Command[20101]
      Executed DbCommand (0ms) [Parameters=[@p0='?' (DbType = Int32), @p1='?' (Size = 20), @p2='?' (Size = 16), @p3='?' (DbType = Decimal), @p4='?' (DbType = Int32)], CommandType='Text', CommandTimeout='30']
      INSERT INTO "Products" ("CategoryId", "Description", "Name", "Price", "Stock")
      VALUES (@p0, @p1, @p2, @p3, @p4)
      RETURNING "Id";
info: Microsoft.EntityFrameworkCore.Database.Command[20101]
      Executed DbCommand (0ms) [Parameters=[@__id_0='?' (DbType = Int32)], CommandType='Text', CommandTimeout='30']
      SELECT "p"."Id", "p"."CategoryId", "p"."Description", "p"."Name", "p"."Price", "p"."Stock", "c"."Id", "c"."Name"
      FROM "Products" AS "p"
      INNER JOIN "Categories" AS "c" ON "p"."CategoryId" = "c"."Id"
      WHERE "p"."Id" = @__id_0
      LIMIT 1
info: Microsoft.EntityFrameworkCore.Database.Command[20101]
      Executed DbCommand (0ms) [Parameters=[], CommandType='Text', CommandTimeout='30']
      SELECT "p"."Id", "p"."CategoryId", "p"."Description", "p"."Name", "p"."Price", "p"."Stock", "c"."Id", "c"."Name"
      FROM "Products" AS "p"
      INNER JOIN "Categories" AS "c" ON "p"."CategoryId" = "c"."Id"
      ORDER BY "p"."Id"
info: Microsoft.EntityFrameworkCore.Database.Command[20101]
      Executed DbCommand (0ms) [Parameters=[], CommandType='Text', CommandTimeout='30']
      SELECT "p"."Id", "p"."CategoryId", "p"."Description", "p"."Name", "p"."Price", "p"."Stock", "c"."Id", "c"."Name"
      FROM "Products" AS "p"
      INNER JOIN "Categories" AS "c" ON "p"."CategoryId" = "c"."Id"
      ORDER BY "p"."Id"
info: Microsoft.EntityFrameworkCore.Database.Command[20101]
      Executed DbCommand (0ms) [Parameters=[@__categoryId_0='?' (DbType = Int32)], CommandType='Text', CommandTimeout='30']
      SELECT EXISTS (
          SELECT 1
          FROM "Categories" AS "c"
          WHERE "c"."Id" = @__categoryId_0)
info: Microsoft.EntityFrameworkCore.Database.Command[20101]
      Executed DbCommand (2ms) [Parameters=[@p0='?' (DbType = Int32), @p1='?' (Size = 20), @p2='?' (Size = 16), @p3='?' (DbType = Decimal), @p4='?' (DbType = Int32)], CommandType='Text', CommandTimeout='30']
      INSERT INTO "Products" ("CategoryId", "Description", "Name", "Price", "Stock")
      VALUES (@p0, @p1, @p2, @p3, @p4)
      RETURNING "Id";
info: Microsoft.EntityFrameworkCore.Database.Command[20101]
      Executed DbCommand (0ms) [Parameters=[@__id_0='?' (DbType = Int32)], CommandType='Text', CommandTimeout='30']
      SELECT "p"."Id", "p"."CategoryId", "p"."Description", "p"."Name", "p"."Price", "p"."Stock", "c"."Id", "c"."Name"
      FROM "Products" AS "p"
      INNER JOIN "Categories" AS "c" ON "p"."CategoryId" = "c"."Id"
      WHERE "p"."Id" = @__id_0
      LIMIT 1
info: Microsoft.EntityFrameworkCore.Database.Command[20101]
      Executed DbCommand (0ms) [Parameters=[@__id_0='?' (DbType = Int32)], CommandType='Text', CommandTimeout='30']
      SELECT "p"."Id", "p"."CategoryId", "p"."Description", "p"."Name", "p"."Price", "p"."Stock", "c"."Id", "c"."Name"
      FROM "Products" AS "p"
      INNER JOIN "Categories" AS "c" ON "p"."CategoryId" = "c"."Id"
      WHERE "p"."Id" = @__id_0
      LIMIT 1
info: Microsoft.EntityFrameworkCore.Database.Command[20101]
      Executed DbCommand (0ms) [Parameters=[@__id_0='?' (DbType = Int32)], CommandType='Text', CommandTimeout='30']
      SELECT "p"."Id", "p"."CategoryId", "p"."Description", "p"."Name", "p"."Price", "p"."Stock", "c"."Id", "c"."Name"
      FROM "Products" AS "p"
      INNER JOIN "Categories" AS "c" ON "p"."CategoryId" = "c"."Id"
      WHERE "p"."Id" = @__id_0
      LIMIT 1
info: Microsoft.EntityFrameworkCore.Database.Command[20101]
      Executed DbCommand (0ms) [Parameters=[@p0='?' (DbType = Int32)], CommandType='Text', CommandTimeout='30']
      DELETE FROM "Products"
      WHERE "Id" = @p0
      RETURNING 1;
info: Microsoft.EntityFrameworkCore.Database.Command[20101]
      Executed DbCommand (0ms) [Parameters=[@__id_0='?' (DbType = Int32)], CommandType='Text', CommandTimeout='30']
      SELECT "p"."Id", "p"."CategoryId", "p"."Description", "p"."Name", "p"."Price", "p"."Stock", "c"."Id", "c"."Name"
      FROM "Products" AS "p"
      INNER JOIN "Categories" AS "c" ON "p"."CategoryId" = "c"."Id"
      WHERE "p"."Id" = @__id_0
      LIMIT 1
info: Microsoft.EntityFrameworkCore.Database.Command[20101]
      Executed DbCommand (0ms) [Parameters=[@__id_0='?' (DbType = Int32)], CommandType='Text', CommandTimeout='30']
      SELECT "p"."Id", "p"."CategoryId", "p"."Description", "p"."Name", "p"."Price", "p"."Stock", "c"."Id", "c"."Name"
      FROM "Products" AS "p"
      INNER JOIN "Categories" AS "c" ON "p"."CategoryId" = "c"."Id"
      WHERE "p"."Id" = @__id_0
      LIMIT 1
info: Microsoft.EntityFrameworkCore.Database.Command[20101]
      Executed DbCommand (0ms) [Parameters=[@__id_0='?' (DbType = Int32)], CommandType='Text', CommandTimeout='30']
      SELECT "p"."Id", "p"."CategoryId", "p"."Description", "p"."Name", "p"."Price", "p"."Stock", "c"."Id", "c"."Name"
      FROM "Products" AS "p"
      INNER JOIN "Categories" AS "c" ON "p"."CategoryId" = "c"."Id"
      WHERE "p"."Id" = @__id_0
      LIMIT 1
info: Microsoft.EntityFrameworkCore.Database.Command[20101]
      Executed DbCommand (0ms) [Parameters=[@__id_0='?' (DbType = Int32)], CommandType='Text', CommandTimeout='30']
      SELECT "p"."Id", "p"."CategoryId", "p"."Description", "p"."Name", "p"."Price", "p"."Stock", "c"."Id", "c"."Name"
      FROM "Products" AS "p"
      INNER JOIN "Categories" AS "c" ON "p"."CategoryId" = "c"."Id"
      WHERE "p"."Id" = @__id_0
      LIMIT 1
info: Microsoft.EntityFrameworkCore.Database.Command[20101]
      Executed DbCommand (0ms) [Parameters=[@__id_0='?' (DbType = Int32)], CommandType='Text', CommandTimeout='30']
      SELECT "p"."Id", "p"."CategoryId", "p"."Description", "p"."Name", "p"."Price", "p"."Stock", "c"."Id", "c"."Name"
      FROM "Products" AS "p"
      INNER JOIN "Categories" AS "c" ON "p"."CategoryId" = "c"."Id"
      WHERE "p"."Id" = @__id_0
      LIMIT 1
info: Microsoft.EntityFrameworkCore.Database.Command[20101]
      Executed DbCommand (0ms) [Parameters=[], CommandType='Text', CommandTimeout='30']
      SELECT "p"."Id", "p"."CategoryId", "p"."Description", "p"."Name", "p"."Price", "p"."Stock", "c"."Id", "c"."Name"
      FROM "Products" AS "p"
      INNER JOIN "Categories" AS "c" ON "p"."CategoryId" = "c"."Id"
      ORDER BY "p"."Id"
info: Microsoft.EntityFrameworkCore.Database.Command[20101]
      Executed DbCommand (0ms) [Parameters=[@__id_0='?' (DbType = Int32)], CommandType='Text', CommandTimeout='30']
      SELECT "p"."Id", "p"."CategoryId", "p"."Description", "p"."Name", "p"."Price", "p"."Stock", "c"."Id", "c"."Name"
      FROM "Products" AS "p"
      INNER JOIN "Categories" AS "c" ON "p"."CategoryId" = "c"."Id"
      WHERE "p"."Id" = @__id_0
      LIMIT 1
info: Microsoft.EntityFrameworkCore.Database.Command[20101]
      Executed DbCommand (0ms) [Parameters=[@p0='?' (DbType = Int32)], CommandType='Text', CommandTimeout='30']
      DELETE FROM "Products"
      WHERE "Id" = @p0
      RETURNING 1;
info: Microsoft.EntityFrameworkCore.Database.Command[20101]
      Executed DbCommand (0ms) [Parameters=[@__id_0='?' (DbType = Int32)], CommandType='Text', CommandTimeout='30']
      SELECT "p"."Id", "p"."CategoryId", "p"."Description", "p"."Name", "p"."Price", "p"."Stock", "c"."Id", "c"."Name"
      FROM "Products" AS "p"
      INNER JOIN "Categories" AS "c" ON "p"."CategoryId" = "c"."Id"
      WHERE "p"."Id" = @__id_0
      LIMIT 1
info: Microsoft.EntityFrameworkCore.Database.Command[20101]
      Executed DbCommand (0ms) [Parameters=[@p0='?' (DbType = Int32)], CommandType='Text', CommandTimeout='30']
      DELETE FROM "Products"
      WHERE "Id" = @p0
      RETURNING 1;
info: Microsoft.EntityFrameworkCore.Database.Command[20101]
      Executed DbCommand (0ms) [Parameters=[@__id_0='?' (DbType = Int32)], CommandType='Text', CommandTimeout='30']
      SELECT "p"."Id", "p"."CategoryId", "p"."Description", "p"."Name", "p"."Price", "p"."Stock", "c"."Id", "c"."Name"
      FROM "Products" AS "p"
      INNER JOIN "Categories" AS "c" ON "p"."CategoryId" = "c"."Id"
      WHERE "p"."Id" = @__id_0
      LIMIT 1
info: Microsoft.EntityFrameworkCore.Database.Command[20101]
      Executed DbCommand (0ms) [Parameters=[@__id_0='?' (DbType = Int32)], CommandType='Text', CommandTimeout='30']
      SELECT "p"."Id", "p"."CategoryId", "p"."Description", "p"."Name", "p"."Price", "p"."Stock", "c"."Id", "c"."Name"
      FROM "Products" AS "p"
      INNER JOIN "Categories" AS "c" ON "p"."CategoryId" = "c"."Id"
      WHERE "p"."Id" = @__id_0
      LIMIT 1
info: Microsoft.EntityFrameworkCore.Database.Command[20101]
      Executed DbCommand (0ms) [Parameters=[@__id_0='?' (DbType = Int32)], CommandType='Text', CommandTimeout='30']
      SELECT "p"."Id", "p"."CategoryId", "p"."Description", "p"."Name", "p"."Price", "p"."Stock", "c"."Id", "c"."Name"
      FROM "Products" AS "p"
      INNER JOIN "Categories" AS "c" ON "p"."CategoryId" = "c"."Id"
      WHERE "p"."Id" = @__id_0
      LIMIT 1
info: Microsoft.EntityFrameworkCore.Database.Command[20101]
      Executed DbCommand (0ms) [Parameters=[@__id_0='?' (DbType = Int32)], CommandType='Text', CommandTimeout='30']
      SELECT "p"."Id", "p"."CategoryId", "p"."Description", "p"."Name", "p"."Price", "p"."Stock", "c"."Id", "c"."Name"
      FROM "Products" AS "p"
      INNER JOIN "Categories" AS "c" ON "p"."CategoryId" = "c"."Id"
      WHERE "p"."Id" = @__id_0
      LIMIT 1
info: Microsoft.EntityFrameworkCore.Database.Command[20101]
      Executed DbCommand (0ms) [Parameters=[@__id_0='?' (DbType = Int32)], CommandType='Text', CommandTimeout='30']
      SELECT "p"."Id", "p"."CategoryId", "p"."Description", "p"."Name", "p"."Price", "p"."Stock", "c"."Id", "c"."Name"
      FROM "Products" AS "p"
      INNER JOIN "Categories" AS "c" ON "p"."CategoryId" = "c"."Id"
      WHERE "p"."Id" = @__id_0
      LIMIT 1
info: Microsoft.EntityFrameworkCore.Database.Command[20101]
      Executed DbCommand (0ms) [Parameters=[@__id_0='?' (DbType = Int32)], CommandType='Text', CommandTimeout='30']
      SELECT "p"."Id", "p"."CategoryId", "p"."Description", "p"."Name", "p"."Price", "p"."Stock", "c"."Id", "c"."Name"
      FROM "Products" AS "p"
      INNER JOIN "Categories" AS "c" ON "p"."CategoryId" = "c"."Id"
      WHERE "p"."Id" = @__id_0
      LIMIT 1
info: Microsoft.EntityFrameworkCore.Database.Command[20101]
      Executed DbCommand (0ms) [Parameters=[@__id_0='?' (DbType = Int32)], CommandType='Text', CommandTimeout='30']
      SELECT "p"."Id", "p"."CategoryId", "p"."Description", "p"."Name", "p"."Price", "p"."Stock", "c"."Id", "c"."Name"
      FROM "Products" AS "p"
      INNER JOIN "Categories" AS "c" ON "p"."CategoryId" = "c"."Id"
      WHERE "p"."Id" = @__id_0
      LIMIT 1
info: Microsoft.EntityFrameworkCore.Database.Command[20101]
      Executed DbCommand (0ms) [Parameters=[@__id_0='?' (DbType = Int32)], CommandType='Text', CommandTimeout='30']
      SELECT "p"."Id", "p"."CategoryId", "p"."Description", "p"."Name", "p"."Price", "p"."Stock", "c"."Id", "c"."Name"
      FROM "Products" AS "p"
      INNER JOIN "Categories" AS "c" ON "p"."CategoryId" = "c"."Id"
      WHERE "p"."Id" = @__id_0
      LIMIT 1
info: Microsoft.EntityFrameworkCore.Database.Command[20101]
      Executed DbCommand (0ms) [Parameters=[@__id_0='?' (DbType = Int32)], CommandType='Text', CommandTimeout='30']
      SELECT "p"."Id", "p"."CategoryId", "p"."Description", "p"."Name", "p"."Price", "p"."Stock", "c"."Id", "c"."Name"
      FROM "Products" AS "p"
      INNER JOIN "Categories" AS "c" ON "p"."CategoryId" = "c"."Id"
      WHERE "p"."Id" = @__id_0
      LIMIT 1
info: Microsoft.EntityFrameworkCore.Database.Command[20101]
      Executed DbCommand (0ms) [Parameters=[@__id_0='?' (DbType = Int32)], CommandType='Text', CommandTimeout='30']
      SELECT "p"."Id", "p"."CategoryId", "p"."Description", "p"."Name", "p"."Price", "p"."Stock", "c"."Id", "c"."Name"
      FROM "Products" AS "p"
      INNER JOIN "Categories" AS "c" ON "p"."CategoryId" = "c"."Id"
      WHERE "p"."Id" = @__id_0
      LIMIT 1
info: Microsoft.EntityFrameworkCore.Database.Command[20101]
      Executed DbCommand (0ms) [Parameters=[@__id_0='?' (DbType = Int32)], CommandType='Text', CommandTimeout='30']
      SELECT "p"."Id", "p"."CategoryId", "p"."Description", "p"."Name", "p"."Price", "p"."Stock", "c"."Id", "c"."Name"
      FROM "Products" AS "p"
      INNER JOIN "Categories" AS "c" ON "p"."CategoryId" = "c"."Id"
      WHERE "p"."Id" = @__id_0
      LIMIT 1
info: Microsoft.EntityFrameworkCore.Database.Command[20101]
      Executed DbCommand (0ms) [Parameters=[@__id_0='?' (DbType = Int32)], CommandType='Text', CommandTimeout='30']
      SELECT "p"."Id", "p"."CategoryId", "p"."Description", "p"."Name", "p"."Price", "p"."Stock", "c"."Id", "c"."Name"
      FROM "Products" AS "p"
      INNER JOIN "Categories" AS "c" ON "p"."CategoryId" = "c"."Id"
      WHERE "p"."Id" = @__id_0
      LIMIT 1
info: Microsoft.EntityFrameworkCore.Database.Command[20101]
      Executed DbCommand (0ms) [Parameters=[@__id_0='?' (DbType = Int32)], CommandType='Text', CommandTimeout='30']
      SELECT "p"."Id", "p"."CategoryId", "p"."Description", "p"."Name", "p"."Price", "p"."Stock", "c"."Id", "c"."Name"
      FROM "Products" AS "p"
      INNER JOIN "Categories" AS "c" ON "p"."CategoryId" = "c"."Id"
      WHERE "p"."Id" = @__id_0
      LIMIT 1
info: Microsoft.EntityFrameworkCore.Database.Command[20101]
      Executed DbCommand (0ms) [Parameters=[@__id_0='?' (DbType = Int32)], CommandType='Text', CommandTimeout='30']
      SELECT "p"."Id", "p"."CategoryId", "p"."Description", "p"."Name", "p"."Price", "p"."Stock", "c"."Id", "c"."Name"
      FROM "Products" AS "p"
      INNER JOIN "Categories" AS "c" ON "p"."CategoryId" = "c"."Id"
      WHERE "p"."Id" = @__id_0
      LIMIT 1
info: Microsoft.EntityFrameworkCore.Database.Command[20101]
      Executed DbCommand (0ms) [Parameters=[@__id_0='?' (DbType = Int32)], CommandType='Text', CommandTimeout='30']
      SELECT "p"."Id", "p"."CategoryId", "p"."Description", "p"."Name", "p"."Price", "p"."Stock", "c"."Id", "c"."Name"
      FROM "Products" AS "p"
      INNER JOIN "Categories" AS "c" ON "p"."CategoryId" = "c"."Id"
      WHERE "p"."Id" = @__id_0
      LIMIT 1
info: Microsoft.EntityFrameworkCore.Database.Command[20101]
      Executed DbCommand (0ms) [Parameters=[@__id_0='?' (DbType = Int32)], CommandType='Text', CommandTimeout='30']
      SELECT "p"."Id", "p"."CategoryId", "p"."Description", "p"."Name", "p"."Price", "p"."Stock", "c"."Id", "c"."Name"
      FROM "Products" AS "p"
      INNER JOIN "Categories" AS "c" ON "p"."CategoryId" = "c"."Id"
      WHERE "p"."Id" = @__id_0
      LIMIT 1
info: Microsoft.EntityFrameworkCore.Database.Command[20101]
      Executed DbCommand (0ms) [Parameters=[@__id_0='?' (DbType = Int32)], CommandType='Text', CommandTimeout='30']
      SELECT "p"."Id", "p"."CategoryId", "p"."Description", "p"."Name", "p"."Price", "p"."Stock", "c"."Id", "c"."Name"
      FROM "Products" AS "p"
      INNER JOIN "Categories" AS "c" ON "p"."CategoryId" = "c"."Id"
      WHERE "p"."Id" = @__id_0
      LIMIT 1
info: Microsoft.EntityFrameworkCore.Database.Command[20101]
      Executed DbCommand (0ms) [Parameters=[@__id_0='?' (DbType = Int32)], CommandType='Text', CommandTimeout='30']
      SELECT "p"."Id", "p"."CategoryId", "p"."Description", "p"."Name", "p"."Price", "p"."Stock", "c"."Id", "c"."Name"
      FROM "Products" AS "p"
      INNER JOIN "Categories" AS "c" ON "p"."CategoryId" = "c"."Id"
      WHERE "p"."Id" = @__id_0
      LIMIT 1
info: Microsoft.EntityFrameworkCore.Database.Command[20101]
      Executed DbCommand (0ms) [Parameters=[@__id_0='?' (DbType = Int32)], CommandType='Text', CommandTimeout='30']
      SELECT "p"."Id", "p"."CategoryId", "p"."Description", "p"."Name", "p"."Price", "p"."Stock", "c"."Id", "c"."Name"
      FROM "Products" AS "p"
      INNER JOIN "Categories" AS "c" ON "p"."CategoryId" = "c"."Id"
      WHERE "p"."Id" = @__id_0
      LIMIT 1
info: Microsoft.EntityFrameworkCore.Database.Command[20101]
      Executed DbCommand (0ms) [Parameters=[@__id_0='?' (DbType = Int32)], CommandType='Text', CommandTimeout='30']
      SELECT "p"."Id", "p"."CategoryId", "p"."Description", "p"."Name", "p"."Price", "p"."Stock", "c"."Id", "c"."Name"
      FROM "Products" AS "p"
      INNER JOIN "Categories" AS "c" ON "p"."CategoryId" = "c"."Id"
      WHERE "p"."Id" = @__id_0
      LIMIT 1
info: Microsoft.EntityFrameworkCore.Database.Command[20101]
      Executed DbCommand (0ms) [Parameters=[@__id_0='?' (DbType = Int32)], CommandType='Text', CommandTimeout='30']
      SELECT "p"."Id", "p"."CategoryId", "p"."Description", "p"."Name", "p"."Price", "p"."Stock", "c"."Id", "c"."Name"
      FROM "Products" AS "p"
      INNER JOIN "Categories" AS "c" ON "p"."CategoryId" = "c"."Id"
      WHERE "p"."Id" = @__id_0
      LIMIT 1
info: Microsoft.EntityFrameworkCore.Database.Command[20101]
      Executed DbCommand (0ms) [Parameters=[@__id_0='?' (DbType = Int32)], CommandType='Text', CommandTimeout='30']
      SELECT "p"."Id", "p"."CategoryId", "p"."Description", "p"."Name", "p"."Price", "p"."Stock", "c"."Id", "c"."Name"
      FROM "Products" AS "p"
      INNER JOIN "Categories" AS "c" ON "p"."CategoryId" = "c"."Id"
      WHERE "p"."Id" = @__id_0
      LIMIT 1
info: Microsoft.EntityFrameworkCore.Database.Command[20101]
      Executed DbCommand (0ms) [Parameters=[@p0='?' (DbType = Int32)], CommandType='Text', CommandTimeout='30']
      DELETE FROM "Products"
      WHERE "Id" = @p0
      RETURNING 1;
info: Microsoft.EntityFrameworkCore.Database.Command[20101]
      Executed DbCommand (0ms) [Parameters=[@__categoryId_0='?' (DbType = Int32)], CommandType='Text', CommandTimeout='30']
      SELECT EXISTS (
          SELECT 1
          FROM "Categories" AS "c"
          WHERE "c"."Id" = @__categoryId_0)
info: Microsoft.EntityFrameworkCore.Database.Command[20101]
      Executed DbCommand (0ms) [Parameters=[@p0='?' (DbType = Int32), @p1='?' (Size = 17), @p2='?' (Size = 18), @p3='?' (DbType = Decimal), @p4='?' (DbType = Int32)], CommandType='Text', CommandTimeout='30']
      INSERT INTO "Products" ("CategoryId", "Description", "Name", "Price", "Stock")
      VALUES (@p0, @p1, @p2, @p3, @p4)
      RETURNING "Id";
info: Microsoft.EntityFrameworkCore.Database.Command[20101]
      Executed DbCommand (0ms) [Parameters=[@__id_0='?' (DbType = Int32)], CommandType='Text', CommandTimeout='30']
      SELECT "p"."Id", "p"."CategoryId", "p"."Description", "p"."Name", "p"."Price", "p"."Stock", "c"."Id", "c"."Name"
      FROM "Products" AS "p"
      INNER JOIN "Categories" AS "c" ON "p"."CategoryId" = "c"."Id"
      WHERE "p"."Id" = @__id_0
      LIMIT 1
info: Microsoft.EntityFrameworkCore.Database.Command[20101]
      Executed DbCommand (0ms) [Parameters=[@__id_0='?' (DbType = Int32)], CommandType='Text', CommandTimeout='30']
      SELECT "p"."Id", "p"."CategoryId", "p"."Description", "p"."Name", "p"."Price", "p"."Stock", "c"."Id", "c"."Name"
      FROM "Products" AS "p"
      INNER JOIN "Categories" AS "c" ON "p"."CategoryId" = "c"."Id"
      WHERE "p"."Id" = @__id_0
      LIMIT 1
info: Microsoft.EntityFrameworkCore.Database.Command[20101]
      Executed DbCommand (0ms) [Parameters=[@p0='?' (DbType = Int32)], CommandType='Text', CommandTimeout='30']
      DELETE FROM "Products"
      WHERE "Id" = @p0
      RETURNING 1;
info: Microsoft.EntityFrameworkCore.Database.Command[20101]
      Executed DbCommand (0ms) [Parameters=[@__id_0='?' (DbType = Int32)], CommandType='Text', CommandTimeout='30']
      SELECT "p"."Id", "p"."CategoryId", "p"."Description", "p"."Name", "p"."Price", "p"."Stock", "c"."Id", "c"."Name"
      FROM "Products" AS "p"
      INNER JOIN "Categories" AS "c" ON "p"."CategoryId" = "c"."Id"
      WHERE "p"."Id" = @__id_0
      LIMIT 1
info: Microsoft.EntityFrameworkCore.Database.Command[20101]
      Executed DbCommand (0ms) [Parameters=[@__id_0='?' (DbType = Int32)], CommandType='Text', CommandTimeout='30']
      SELECT "p"."Id", "p"."CategoryId", "p"."Description", "p"."Name", "p"."Price", "p"."Stock", "c"."Id", "c"."Name"
      FROM "Products" AS "p"
      INNER JOIN "Categories" AS "c" ON "p"."CategoryId" = "c"."Id"
      WHERE "p"."Id" = @__id_0
      LIMIT 1
info: Microsoft.EntityFrameworkCore.Database.Command[20101]
      Executed DbCommand (0ms) [Parameters=[@__id_0='?' (DbType = Int32)], CommandType='Text', CommandTimeout='30']
      SELECT "p"."Id", "p"."CategoryId", "p"."Description", "p"."Name", "p"."Price", "p"."Stock", "c"."Id", "c"."Name"
      FROM "Products" AS "p"
      INNER JOIN "Categories" AS "c" ON "p"."CategoryId" = "c"."Id"
      WHERE "p"."Id" = @__id_0
      LIMIT 1
info: Microsoft.EntityFrameworkCore.Database.Command[20101]
      Executed DbCommand (0ms) [Parameters=[@__id_0='?' (DbType = Int32)], CommandType='Text', CommandTimeout='30']
      SELECT "p"."Id", "p"."CategoryId", "p"."Description", "p"."Name", "p"."Price", "p"."Stock", "c"."Id", "c"."Name"
      FROM "Products" AS "p"
      INNER JOIN "Categories" AS "c" ON "p"."CategoryId" = "c"."Id"
      WHERE "p"."Id" = @__id_0
      LIMIT 1
info: Microsoft.EntityFrameworkCore.Database.Command[20101]
      Executed DbCommand (0ms) [Parameters=[@__id_0='?' (DbType = Int32)], CommandType='Text', CommandTimeout='30']
      SELECT "p"."Id", "p"."CategoryId", "p"."Description", "p"."Name", "p"."Price", "p"."Stock", "c"."Id", "c"."Name"
      FROM "Products" AS "p"
      INNER JOIN "Categories" AS "c" ON "p"."CategoryId" = "c"."Id"
      WHERE "p"."Id" = @__id_0
      LIMIT 1
info: Microsoft.EntityFrameworkCore.Database.Command[20101]
      Executed DbCommand (0ms) [Parameters=[@__id_0='?' (DbType = Int32)], CommandType='Text', CommandTimeout='30']
      SELECT "p"."Id", "p"."CategoryId", "p"."Description", "p"."Name", "p"."Price", "p"."Stock", "c"."Id", "c"."Name"
      FROM "Products" AS "p"
      INNER JOIN "Categories" AS "c" ON "p"."CategoryId" = "c"."Id"
      WHERE "p"."Id" = @__id_0
      LIMIT 1
info: Microsoft.EntityFrameworkCore.Database.Command[20101]
      Executed DbCommand (0ms) [Parameters=[], CommandType='Text', CommandTimeout='30']
      SELECT "p"."Id", "p"."CategoryId", "p"."Description", "p"."Name", "p"."Price", "p"."Stock", "c"."Id", "c"."Name"
      FROM "Products" AS "p"
      INNER JOIN "Categories" AS "c" ON "p"."CategoryId" = "c"."Id"
      ORDER BY "p"."Id"
info: Microsoft.EntityFrameworkCore.Database.Command[20101]
      Executed DbCommand (0ms) [Parameters=[@__id_0='?' (DbType = Int32)], CommandType='Text', CommandTimeout='30']
      SELECT "p"."Id", "p"."CategoryId", "p"."Description", "p"."Name", "p"."Price", "p"."Stock", "c"."Id", "c"."Name"
      FROM "Products" AS "p"
      INNER JOIN "Categories" AS "c" ON "p"."CategoryId" = "c"."Id"
      WHERE "p"."Id" = @__id_0
      LIMIT 1
info: Microsoft.EntityFrameworkCore.Database.Command[20101]
      Executed DbCommand (0ms) [Parameters=[@p0='?' (DbType = Int32)], CommandType='Text', CommandTimeout='30']
      DELETE FROM "Products"
      WHERE "Id" = @p0
      RETURNING 1;
info: Microsoft.EntityFrameworkCore.Database.Command[20101]
      Executed DbCommand (0ms) [Parameters=[], CommandType='Text', CommandTimeout='30']
      SELECT "p"."Id", "p"."CategoryId", "p"."Description", "p"."Name", "p"."Price", "p"."Stock", "c"."Id", "c"."Name"
      FROM "Products" AS "p"
      INNER JOIN "Categories" AS "c" ON "p"."CategoryId" = "c"."Id"
      ORDER BY "p"."Id"
info: Microsoft.EntityFrameworkCore.Database.Command[20101]
      Executed DbCommand (0ms) [Parameters=[@__id_0='?' (DbType = Int32)], CommandType='Text', CommandTimeout='30']
      SELECT "p"."Id", "p"."CategoryId", "p"."Description", "p"."Name", "p"."Price", "p"."Stock", "c"."Id", "c"."Name"
      FROM "Products" AS "p"
      INNER JOIN "Categories" AS "c" ON "p"."CategoryId" = "c"."Id"
      WHERE "p"."Id" = @__id_0
      LIMIT 1
info: Microsoft.EntityFrameworkCore.Database.Command[20101]
      Executed DbCommand (0ms) [Parameters=[@p0='?' (DbType = Int32)], CommandType='Text', CommandTimeout='30']
      DELETE FROM "Products"
      WHERE "Id" = @p0
      RETURNING 1;
info: Microsoft.EntityFrameworkCore.Database.Command[20101]
      Executed DbCommand (0ms) [Parameters=[], CommandType='Text', CommandTimeout='30']
      SELECT "p"."Id", "p"."CategoryId", "p"."Description", "p"."Name", "p"."Price", "p"."Stock", "c"."Id", "c"."Name"
      FROM "Products" AS "p"
      INNER JOIN "Categories" AS "c" ON "p"."CategoryId" = "c"."Id"
      ORDER BY "p"."Id"
info: Microsoft.EntityFrameworkCore.Database.Command[20101]
      Executed DbCommand (0ms) [Parameters=[@__id_0='?' (DbType = Int32)], CommandType='Text', CommandTimeout='30']
      SELECT "p"."Id", "p"."CategoryId", "p"."Description", "p"."Name", "p"."Price", "p"."Stock", "c"."Id", "c"."Name"
      FROM "Products" AS "p"
      INNER JOIN "Categories" AS "c" ON "p"."CategoryId" = "c"."Id"
      WHERE "p"."Id" = @__id_0
      LIMIT 1
info: Microsoft.EntityFrameworkCore.Database.Command[20101]
      Executed DbCommand (0ms) [Parameters=[@__categoryId_0='?' (DbType = Int32)], CommandType='Text', CommandTimeout='30']
      SELECT EXISTS (
          SELECT 1
          FROM "Categories" AS "c"
          WHERE "c"."Id" = @__categoryId_0)
info: Microsoft.EntityFrameworkCore.Database.Command[20101]
      Executed DbCommand (0ms) [Parameters=[@p5='?' (DbType = Int32), @p0='?' (DbType = Int32), @p1='?' (Size = 26), @p2='?' (Size = 27), @p3='?' (DbType = Decimal), @p4='?' (DbType = Int32)], CommandType='Text', CommandTimeout='30']
      UPDATE "Products" SET "CategoryId" = @p0, "Description" = @p1, "Name" = @p2, "Price" = @p3, "Stock" = @p4
      WHERE "Id" = @p5
      RETURNING 1;
info: Microsoft.EntityFrameworkCore.Database.Command[20101]
      Executed DbCommand (0ms) [Parameters=[@__id_0='?' (DbType = Int32)], CommandType='Text', CommandTimeout='30']
      SELECT "p"."Id", "p"."CategoryId", "p"."Description", "p"."Name", "p"."Price", "p"."Stock", "c"."Id", "c"."Name"
      FROM "Products" AS "p"
      INNER JOIN "Categories" AS "c" ON "p"."CategoryId" = "c"."Id"
      WHERE "p"."Id" = @__id_0
      LIMIT 1
info: Microsoft.EntityFrameworkCore.Database.Command[20101]
      Executed DbCommand (0ms) [Parameters=[@__id_0='?' (DbType = Int32)], CommandType='Text', CommandTimeout='30']
      SELECT "p"."Id", "p"."CategoryId", "p"."Description", "p"."Name", "p"."Price", "p"."Stock", "c"."Id", "c"."Name"
      FROM "Products" AS "p"
      INNER JOIN "Categories" AS "c" ON "p"."CategoryId" = "c"."Id"
      WHERE "p"."Id" = @__id_0
      LIMIT 1
info: Microsoft.EntityFrameworkCore.Database.Command[20101]
      Executed DbCommand (0ms) [Parameters=[@__categoryId_0='?' (DbType = Int32)], CommandType='Text', CommandTimeout='30']
      SELECT EXISTS (
          SELECT 1
          FROM "Categories" AS "c"
          WHERE "c"."Id" = @__categoryId_0)
info: Microsoft.EntityFrameworkCore.Database.Command[20101]
      Executed DbCommand (0ms) [Parameters=[@p5='?' (DbType = Int32), @p0='?' (DbType = Int32), @p1='?' (Size = 26), @p2='?' (Size = 27), @p3='?' (DbType = Decimal), @p4='?' (DbType = Int32)], CommandType='Text', CommandTimeout='30']
      UPDATE "Products" SET "CategoryId" = @p0, "Description" = @p1, "Name" = @p2, "Price" = @p3, "Stock" = @p4
      WHERE "Id" = @p5
      RETURNING 1;
info: Microsoft.EntityFrameworkCore.Database.Command[20101]
      Executed DbCommand (0ms) [Parameters=[@__id_0='?' (DbType = Int32)], CommandType='Text', CommandTimeout='30']
      SELECT "p"."Id", "p"."CategoryId", "p"."Description", "p"."Name", "p"."Price", "p"."Stock", "c"."Id", "c"."Name"
      FROM "Products" AS "p"
      INNER JOIN "Categories" AS "c" ON "p"."CategoryId" = "c"."Id"
      WHERE "p"."Id" = @__id_0
      LIMIT 1
info: Microsoft.EntityFrameworkCore.Database.Command[20101]
      Executed DbCommand (0ms) [Parameters=[], CommandType='Text', CommandTimeout='30']
      SELECT "p"."Id", "p"."CategoryId", "p"."Description", "p"."Name", "p"."Price", "p"."Stock", "c"."Id", "c"."Name"
      FROM "Products" AS "p"
      INNER JOIN "Categories" AS "c" ON "p"."CategoryId" = "c"."Id"
      ORDER BY "p"."Id"
